Title,Start_Date,End_Date,Tag,Type,Link,Score,Status,Over_Due
B38_Masai Reading Marathon_ Day 13,"14 Aug, 2024 at 12:00 AM","Concludes on 14 Aug, 2024 - 11:59 PM",Others,PRACTICE,https://students.masaischool.com/assignments/43295?tab=assignmentDetails,,COMPLETED,
B38_Masai Speaking Marathon_Day 13,"14 Aug, 2024 at 12:00 AM","Concludes on 14 Aug, 2024 - 11:59 PM",Others,PRACTICE,https://students.masaischool.com/assignments/43289?tab=assignmentDetails,,COMPLETED,
B38_ES401/ES501_How To Design Presentations That Grab Attention?_Assignment,"14 Aug, 2024 at 4:00 PM","Concludes on 21 Aug, 2024 - 11:59 PM",CSBT,ASSIGNMENT,https://students.masaischool.com/assignments/43224?tab=assignmentDetails,,IN PROGRESS,
Mid Unit Feedback form,"12 Aug, 2024 at 8:30 PM","Concludes on 15 Aug, 2024 - 12:10 PM",General,ASSIGNMENT,https://students.masaischool.com/assignments/43169?tab=assignmentDetails,,COMPLETED,
STS104_Statistics_S4_D3,"14 Aug, 2024 at 6:00 PM","Concludes on 21 Aug, 2024 - 11:59 PM",DA,ASSIGNMENT,https://students.masaischool.com/assignments/43160?tab=assignmentDetails,,COMPLETED,
STS104_Statistics_S4_D2,"13 Aug, 2024 at 6:00 PM","Concludes on 20 Aug, 2024 - 11:59 PM",DA,ASSIGNMENT,https://students.masaischool.com/assignments/43158?tab=assignmentDetails,,COMPLETED,
IP104_Python_S4_D3_[Interview Prep Day 10],"14 Aug, 2024 at 8:20 PM","Concludes on 21 Aug, 2024 - 11:59 PM",Coding,ASSIGNMENT,https://students.masaischool.com/assignments/43148?tab=assignmentDetails,,COMPLETED,
IP104_Python_S4_D2_[Interview Prep Day 9],"13 Aug, 2024 at 8:20 PM","Concludes on 20 Aug, 2024 - 11:59 PM",Coding,ASSIGNMENT,https://students.masaischool.com/assignments/43141?tab=assignmentDetails,,COMPLETED,
Feedback Form - Monday Evaluation,"12 Aug, 2024 at 5:00 PM","Concludes on 13 Aug, 2024 - 5:00 PM",General,ASSIGNMENT,https://students.masaischool.com/assignments/43116?tab=assignmentDetails,,COMPLETED,
IP104_Python_S4_D1_[Evaluation_2],"12 Aug, 2024 at 2:30 PM","Concludes on 12 Aug, 2024 - 3:30 PM",Coding,EVALUATION,https://students.masaischool.com/assignments/43059?tab=assignmentDetails,,COMPLETED,
B38_ESDA404/SES404_How to sound professional on telephone?_Assignment,"9 Aug, 2024 at 7:00 PM","Concludes on 16 Aug, 2024 - 11:59 PM",CSBT,ASSIGNMENT,https://students.masaischool.com/assignments/43017?tab=assignmentDetails,,COMPLETED,
B38_Masai Reading Marathon_ Day 12,"13 Aug, 2024 at 12:00 AM","Concludes on 13 Aug, 2024 - 11:59 PM",Others,PRACTICE,https://students.masaischool.com/assignments/43006?tab=assignmentDetails,,COMPLETED,
B38_Masai Speaking Marathon_Day 12,"13 Aug, 2024 at 12:00 AM","Concludes on 13 Aug, 2024 - 11:59 PM",Others,PRACTICE,https://students.masaischool.com/assignments/42999?tab=assignmentDetails,,COMPLETED,
B38_Masai Reading Marathon_ Day 11,"12 Aug, 2024 at 12:00 AM","Concludes on 12 Aug, 2024 - 11:59 PM",Others,PRACTICE,https://students.masaischool.com/assignments/42978?tab=assignmentDetails,,COMPLETED,
B38_Masai Reading Marathon_ Day 10,"11 Aug, 2024 at 12:00 AM","Concludes on 11 Aug, 2024 - 11:59 PM",Others,PRACTICE,https://students.masaischool.com/assignments/42977?tab=assignmentDetails,,COMPLETED,
B38_Masai Reading Marathon_ Day 09,"10 Aug, 2024 at 12:00 AM","Concludes on 10 Aug, 2024 - 11:59 PM",Others,PRACTICE,https://students.masaischool.com/assignments/42976?tab=assignmentDetails,,COMPLETED,
B38_Masai Speaking Marathon_Day 11,"12 Aug, 2024 at 12:00 AM","Concludes on 12 Aug, 2024 - 11:59 PM",Others,PRACTICE,https://students.masaischool.com/assignments/42959?tab=assignmentDetails,,COMPLETED,
B38_Masai Speaking Marathon_Day 10,"11 Aug, 2024 at 12:00 AM","Concludes on 11 Aug, 2024 - 11:59 PM",Others,PRACTICE,https://students.masaischool.com/assignments/42958?tab=assignmentDetails,,COMPLETED,
B38_Masai Speaking Marathon_Day 09,"10 Aug, 2024 at 12:00 AM","Concludes on 10 Aug, 2024 - 11:59 PM",Others,PRACTICE,https://students.masaischool.com/assignments/42957?tab=assignmentDetails,,COMPLETED,
STS104_Statistics_S3_D4,"9 Aug, 2024 at 6:00 PM","Concludes on 16 Aug, 2024 - 11:59 PM",DA,ASSIGNMENT,https://students.masaischool.com/assignments/42921?tab=assignmentDetails,,COMPLETED,
STS104_Statistics_S4_D1_[Evaluation_2],"12 Aug, 2024 at 11:30 AM","Concludes on 12 Aug, 2024 - 1:30 PM",DA,EVALUATION,https://students.masaischool.com/assignments/42863?tab=assignmentDetails,,COMPLETED,
B38 - How To Build Confidence and Beat Stress In Interviews? DLC,"9 Aug, 2024 at 4:00 PM","Concludes on 9 Aug, 2024 - 11:30 PM",CSBT,PRACTICE,https://students.masaischool.com/assignments/42821?tab=assignmentDetails,,COMPLETED,
B38 - How To Build Confidence and Beat Stress In Interviews?,"9 Aug, 2024 at 4:00 PM","Concludes on 16 Aug, 2024 - 11:50 PM",CSBT,ASSIGNMENT,https://students.masaischool.com/assignments/42815?tab=assignmentDetails,,COMPLETED,
B38_Masai Reading Marathon_ Day 08,"9 Aug, 2024 at 12:00 AM","Concludes on 9 Aug, 2024 - 11:59 PM",Others,PRACTICE,https://students.masaischool.com/assignments/42804?tab=assignmentDetails,,COMPLETED,
B38_Masai Reading Marathon_ Day 07,"8 Aug, 2024 at 12:00 AM","Concludes on 8 Aug, 2024 - 11:59 PM",Others,PRACTICE,https://students.masaischool.com/assignments/42803?tab=assignmentDetails,,COMPLETED,
B38_Masai Speaking Marathon_Day 08,"9 Aug, 2024 at 12:00 AM","Concludes on 9 Aug, 2024 - 11:59 PM",Others,PRACTICE,https://students.masaischool.com/assignments/42789?tab=assignmentDetails,,COMPLETED,
B38_Masai Speaking Marathon_Day 07,"8 Aug, 2024 at 12:00 AM","Concludes on 8 Aug, 2024 - 11:59 PM",Others,PRACTICE,https://students.masaischool.com/assignments/42788?tab=assignmentDetails,,COMPLETED,
B38_ESDA404/SES404_How to sound professional on telephone?_DLC,"9 Aug, 2024 at 7:00 PM","Concludes on 10 Aug, 2024 - 10:30 AM",CSBT,PRACTICE,https://students.masaischool.com/assignments/42735?tab=assignmentDetails,,COMPLETED,
B38_ESDA404/SES404_Creating Impact To Secure Your Offer Letter_DLC,"7 Aug, 2024 at 7:00 PM","Concludes on 8 Aug, 2024 - 10:30 AM",CSBT,PRACTICE,https://students.masaischool.com/assignments/42731?tab=assignmentDetails,10/10,COMPLETED,
B38_ESDA404/SES404_Creating An Impact To Secure Your Offer Letter,"7 Aug, 2024 at 7:00 PM","Concludes on 14 Aug, 2024 - 11:59 PM",CSBT,ASSIGNMENT,https://students.masaischool.com/assignments/42729?tab=assignmentDetails,,COMPLETED,
B38_Masai Reading Marathon_ Day 06,"7 Aug, 2024 at 12:00 AM","Concludes on 7 Aug, 2024 - 11:59 PM",Others,PRACTICE,https://students.masaischool.com/assignments/42681?tab=assignmentDetails,,COMPLETED,
B38_Masai Speaking Marathon_Day 06,"7 Aug, 2024 at 12:00 AM","Concludes on 7 Aug, 2024 - 11:59 PM",Others,PRACTICE,https://students.masaischool.com/assignments/42677?tab=assignmentDetails,,COMPLETED,
B38_ES404/ES504_Crush Stressful Interview Questions With Ease_Assignment,"7 Aug, 2024 at 4:00 PM","Concludes on 14 Aug, 2024 - 11:59 PM",CSBT,ASSIGNMENT,https://students.masaischool.com/assignments/42673?tab=assignmentDetails,,COMPLETED,
B38_ES404/ES504_Crush Stressful Interview Questions With Ease_DLC,"7 Aug, 2024 at 4:00 PM","Concludes on 7 Aug, 2024 - 7:30 PM",CSBT,PRACTICE,https://students.masaischool.com/assignments/42661?tab=assignmentDetails,10/10,COMPLETED,
STS104_Statistics_S3_D3,"8 Aug, 2024 at 6:00 PM","Concludes on 15 Aug, 2024 - 11:59 PM",DA,ASSIGNMENT,https://students.masaischool.com/assignments/42649?tab=assignmentDetails,,COMPLETED,
STS104_Statistics_S3_D2,"7 Aug, 2024 at 6:00 PM","Concludes on 14 Aug, 2024 - 11:59 PM",DA,ASSIGNMENT,https://students.masaischool.com/assignments/42648?tab=assignmentDetails,,,OVER DUE
STS104_Statistics_S3_D1,"6 Aug, 2024 at 6:00 PM","Concludes on 13 Aug, 2024 - 11:59 PM",DA,ASSIGNMENT,https://students.masaischool.com/assignments/42647?tab=assignmentDetails,,COMPLETED,
Feedback Form - Monday Evaluation,"5 Aug, 2024 at 8:00 PM","Concludes on 6 Aug, 2024 - 8:00 PM",General,ASSIGNMENT,https://students.masaischool.com/assignments/42637?tab=assignmentDetails,,COMPLETED,
IP104_S3_D5_[Interview Prep Day 8],"9 Aug, 2024 at 8:20 PM","Concludes on 16 Aug, 2024 - 11:59 PM",Coding,ASSIGNMENT,https://students.masaischool.com/assignments/42633?tab=assignmentDetails,,COMPLETED,
IP104_S3_D4_[Interview Prep Day 7],"8 Aug, 2024 at 8:20 PM","Concludes on 21 Aug, 2024 - 11:59 PM",Coding,ASSIGNMENT,https://students.masaischool.com/assignments/42632?tab=assignmentDetails,,COMPLETED,
IP104_S3_D3_[Interview Prep Day 6],"7 Aug, 2024 at 8:20 PM","Concludes on 14 Aug, 2024 - 11:59 PM",Coding,ASSIGNMENT,https://students.masaischool.com/assignments/42631?tab=assignmentDetails,,,OVER DUE
IP104_S3_D2_[Interview Prep Day 5],"6 Aug, 2024 at 8:20 PM","Concludes on 13 Aug, 2024 - 11:59 PM",Coding,ASSIGNMENT,https://students.masaischool.com/assignments/42629?tab=assignmentDetails,,COMPLETED,
B38_ES404/ES504_How to build your best resume?_Assignment,"6 Aug, 2024 at 10:00 AM","Concludes on 15 Aug, 2024 - 11:59 PM",CSBT,ASSIGNMENT,https://students.masaischool.com/assignments/42615?tab=assignmentDetails,,COMPLETED,
IP104_S3_D5_DLC_[Interview Prep Day 8],"8 Aug, 2024 at 8:20 PM","Concludes on 8 Aug, 2024 - 11:59 PM",Coding,ASSIGNMENT,https://students.masaischool.com/assignments/42611?tab=assignmentDetails,,,OVER DUE
IP104_S3_D4_DLC_[Interview Prep Day 7],"8 Aug, 2024 at 8:20 PM","Concludes on 8 Aug, 2024 - 11:59 PM",Coding,ASSIGNMENT,https://students.masaischool.com/assignments/42608?tab=assignmentDetails,,,OVER DUE
IP104_S3_D3_DLC_[Interview Prep Day 6],"7 Aug, 2024 at 8:20 PM","Concludes on 7 Aug, 2024 - 11:59 PM",Coding,ASSIGNMENT,https://students.masaischool.com/assignments/42606?tab=assignmentDetails,,COMPLETED,
IP104_S3_D2_DLC_[Interview Prep Day 5],"6 Aug, 2024 at 8:20 PM","Concludes on 6 Aug, 2024 - 11:59 PM",Coding,ASSIGNMENT,https://students.masaischool.com/assignments/42604?tab=assignmentDetails,,,OVER DUE
STS- Assignment-4,"4 Aug, 2024 at 12:00 PM","Concludes on 11 Aug, 2024 - 11:59 PM",DA,ASSIGNMENT,https://students.masaischool.com/assignments/42550?tab=assignmentDetails,,COMPLETED,
Evaluation-1 STS104,"5 Aug, 2024 at 11:30 AM","Concludes on 5 Aug, 2024 - 2:00 PM",Dsa,EVALUATION,https://students.masaischool.com/assignments/42548?tab=assignmentDetails,5/10,COMPLETED,
IP104_Python_S3_D1_[Evaluation_1],"5 Aug, 2024 at 2:30 PM","Concludes on 5 Aug, 2024 - 3:30 PM",Coding,EVALUATION,https://students.masaischool.com/assignments/42546?tab=assignmentDetails,,COMPLETED,
B38_Masai Reading Marathon_ Day 05,"6 Aug, 2024 at 12:00 AM","Concludes on 6 Aug, 2024 - 11:59 PM",Others,PRACTICE,https://students.masaischool.com/assignments/42503?tab=assignmentDetails,,COMPLETED,
B38_Masai Reading Marathon_ Day 04,"5 Aug, 2024 at 12:00 AM","Concludes on 5 Aug, 2024 - 11:59 PM",Others,PRACTICE,https://students.masaischool.com/assignments/42502?tab=assignmentDetails,,COMPLETED,
B38_Masai Reading Marathon_ Day 03,"4 Aug, 2024 at 12:00 AM","Concludes on 4 Aug, 2024 - 11:59 PM",Others,PRACTICE,https://students.masaischool.com/assignments/42501?tab=assignmentDetails,,COMPLETED,
B38_Masai Reading Marathon_ Day 02,"3 Aug, 2024 at 12:00 AM","Concludes on 3 Aug, 2024 - 11:59 PM",Others,PRACTICE,https://students.masaischool.com/assignments/42500?tab=assignmentDetails,,COMPLETED,
B38_Masai Speaking Marathon_Day 05,"6 Aug, 2024 at 12:00 AM","Concludes on 6 Aug, 2024 - 11:59 PM",Others,PRACTICE,https://students.masaischool.com/assignments/42476?tab=assignmentDetails,,COMPLETED,
B38_Masai Speaking Marathon_Day 04,"5 Aug, 2024 at 12:00 AM","Concludes on 5 Aug, 2024 - 11:59 PM",Others,PRACTICE,https://students.masaischool.com/assignments/42475?tab=assignmentDetails,,COMPLETED,
B38_Masai Speaking Marathon_Day 03,"4 Aug, 2024 at 12:00 AM","Concludes on 4 Aug, 2024 - 11:59 PM",Others,PRACTICE,https://students.masaischool.com/assignments/42474?tab=assignmentDetails,,COMPLETED,
B38_Masai Speaking Marathon_Day 02,"3 Aug, 2024 at 12:00 AM","Concludes on 3 Aug, 2024 - 11:59 PM",Others,PRACTICE,https://students.masaischool.com/assignments/42473?tab=assignmentDetails,,COMPLETED,
B38_Masai Reading Marathon_ Day 01,"2 Aug, 2024 at 2:00 PM","Concludes on 2 Aug, 2024 - 11:59 PM",Others,PRACTICE,https://students.masaischool.com/assignments/42452?tab=assignmentDetails,,COMPLETED,
B38_Masai Speaking Marathon_Day 01,"2 Aug, 2024 at 2:00 PM","Concludes on 2 Aug, 2024 - 11:59 PM",Others,PRACTICE,https://students.masaischool.com/assignments/42445?tab=assignmentDetails,,COMPLETED,
STS104_Statistics_S2_D3,"1 Aug, 2024 at 7:20 PM","Concludes on 8 Aug, 2024 - 7:13 PM",Coding,ASSIGNMENT,https://students.masaischool.com/assignments/42392?tab=assignmentDetails,,,OVER DUE
STS104_Statistics_S2_D2[Distributions (Normal distributions) and z score],"31 Jul, 2024 at 6:00 PM","Concludes on 7 Aug, 2024 - 11:59 PM",DA,ASSIGNMENT,https://students.masaischool.com/assignments/42332?tab=assignmentDetails,,COMPLETED,
"STS104_Statistics_S2_D1[Introduction to statistics: Types, fundamentals of descriptiive statistics]","30 Jul, 2024 at 6:00 PM","Concludes on 6 Aug, 2024 - 11:59 PM",DA,ASSIGNMENT,https://students.masaischool.com/assignments/42260?tab=assignmentDetails,,COMPLETED,
B38_ESDA404/SES404_Script Your Interview Success_Assignment,"1 Aug, 2024 at 4:00 PM","Concludes on 8 Aug, 2024 - 11:59 PM",CSBT,ASSIGNMENT,https://students.masaischool.com/assignments/42239?tab=assignmentDetails,,COMPLETED,
B38_ESDA404/SES404_Script your interview success_DLC,"1 Aug, 2024 at 4:00 PM","Concludes on 1 Aug, 2024 - 7:59 PM",CSBT,PRACTICE,https://students.masaischool.com/assignments/42235?tab=assignmentDetails,10/10,COMPLETED,
B38_ESDA404/SES404_Ace the interview_Assignment,"30 Jul, 2024 at 4:00 PM","Concludes on 6 Aug, 2024 - 11:59 PM",CSBT,ASSIGNMENT,https://students.masaischool.com/assignments/42232?tab=assignmentDetails,,COMPLETED,
B38 - How To Impress The Hiring Managers With Your Emails?_DLC,"2 Aug, 2024 at 4:00 PM","Concludes on 2 Aug, 2024 - 11:59 PM",CSBT,PRACTICE,https://students.masaischool.com/assignments/42229?tab=assignmentDetails,10/10,COMPLETED,
B38_ESDA404/SES404_Ace the interview!_DLC,"30 Jul, 2024 at 4:00 PM","Concludes on 30 Jul, 2024 - 7:30 PM",CSBT,PRACTICE,https://students.masaischool.com/assignments/42226?tab=assignmentDetails,10/10,COMPLETED,
B38 - How To Grab Recruitersâ€™ Attention On LinkedIn?_DLC,"31 Jul, 2024 at 4:00 PM","Concludes on 31 Jul, 2024 - 11:59 PM",CSBT,PRACTICE,https://students.masaischool.com/assignments/42223?tab=assignmentDetails,6/10,COMPLETED,
B38 - How To Impress The Hiring Managers With Your Emails?_Assignment,"2 Aug, 2024 at 4:00 PM","Concludes on 9 Aug, 2024 - 4:00 PM",CSBT,ASSIGNMENT,https://students.masaischool.com/assignments/42211?tab=assignmentDetails,,COMPLETED,
B38 - How to grab Recruiters' attention on LinkedIn_Assignment,"31 Jul, 2024 at 4:00 PM","Concludes on 7 Aug, 2024 - 4:00 PM",CSBT,ASSIGNMENT,https://students.masaischool.com/assignments/42206?tab=assignmentDetails,,COMPLETED,
Part 2 : GEN AI - Solving Real World Problem,"29 Jul, 2024 at 3:00 PM","Concludes on 29 Jul, 2024 - 7:00 PM",Others,EVALUATION,https://students.masaischool.com/assignments/42191?tab=assignmentDetails,,COMPLETED,
Part 1 : GEN AI - Application,"29 Jul, 2024 at 11:30 AM","Concludes on 29 Jul, 2024 - 2:00 PM",Others,EVALUATION,https://students.masaischool.com/assignments/42185?tab=assignmentDetails,,COMPLETED,
S1D5 Take Home Assignment(Generate Excel Formulas),"26 Jul, 2024 at 2:00 PM","Concludes on 28 Jul, 2024 - 11:59 PM",Others,ASSIGNMENT,https://students.masaischool.com/assignments/42144?tab=assignmentDetails,,COMPLETED,
S1D5 In Class Assignment(Generate Dataset),"26 Jul, 2024 at 12:00 PM","Concludes on 27 Jul, 2024 - 11:59 PM",Others,ASSIGNMENT,https://students.masaischool.com/assignments/42143?tab=assignmentDetails,,COMPLETED,
S1D4 Take Home Assignment(Develop Application) [OPTIONAL],"25 Jul, 2024 at 2:00 PM","Concludes on 27 Jul, 2024 - 11:59 PM",Others,ASSIGNMENT,https://students.masaischool.com/assignments/42125?tab=assignmentDetails,,COMPLETED,
S1D4 In Class Assignment(Learn Ruby),"25 Jul, 2024 at 12:25 PM","Concludes on 26 Jul, 2024 - 11:59 PM",Others,ASSIGNMENT,https://students.masaischool.com/assignments/42123?tab=assignmentDetails,,COMPLETED,
B38_GenAI_Supercharge your Writing Skills using AI_Take Home Assignment,"24 Jul, 2024 at 1:55 PM","Concludes on 25 Jul, 2024 - 2:00 PM",General,ASSIGNMENT,https://students.masaischool.com/assignments/42107?tab=assignmentDetails,,COMPLETED,
B38_GenAI_Supercharge your Writing Skills using AI_In-Class Assignment,"24 Jul, 2024 at 1:00 PM","Concludes on 24 Jul, 2024 - 11:59 PM",General,ASSIGNMENT,https://students.masaischool.com/assignments/42106?tab=assignmentDetails,,COMPLETED,
S1D2 Take Home Assignment,"23 Jul, 2024 at 1:00 PM","Concludes on 23 Jul, 2024 - 11:59 PM",Others,ASSIGNMENT,https://students.masaischool.com/assignments/42084?tab=assignmentDetails,,,OVER DUE
S1D2 In Class Assignment,"23 Jul, 2024 at 1:00 PM","Concludes on 23 Jul, 2024 - 6:00 PM",Others,ASSIGNMENT,https://students.masaischool.com/assignments/42083?tab=assignmentDetails,,,OVER DUE
B37 Construct Week Project Submission,"20 Jul, 2024 at 6:00 PM","Concludes on 22 Jul, 2024 - 3:00 PM",General,PROJECT,https://students.masaischool.com/assignments/42072?tab=assignmentDetails,,COMPLETED,
Hukumu Coding Scores,"20 Jul, 2024 at 8:00 PM","Concludes on 20 Jul, 2024 - 8:10 PM",Coding,EVALUATION,https://students.masaischool.com/assignments/42058?tab=assignmentDetails,,COMPLETED,
<Important> End of unit feedback form,"16 Jul, 2024 at 11:30 AM","Concludes on 18 Jul, 2024 - 11:45 PM",General,ASSIGNMENT,https://students.masaischool.com/assignments/41962?tab=assignmentDetails,,COMPLETED,
B37_ES304_A4 Evaluation,"15 Jul, 2024 at 6:00 PM","Concludes on 15 Jul, 2024 - 7:00 PM",CSBT,EVALUATION,https://students.masaischool.com/assignments/41909?tab=assignmentDetails,,,OVER DUE
PMX104_Excel_S5_D1[Evaluation-4],"15 Jul, 2024 at 11:30 AM","Concludes on 15 Jul, 2024 - 1:30 PM",Dsa,EVALUATION,https://students.masaischool.com/assignments/41895?tab=assignmentDetails,,COMPLETED,
ASE204_EDA_S5_D1[Evaluation-4],"15 Jul, 2024 at 2:30 PM","Concludes on 15 Jul, 2024 - 4:30 PM",Coding,EVALUATION,https://students.masaischool.com/assignments/41893?tab=assignmentDetails,,COMPLETED,
PMX104_Python_S4_D4[Charts and Pivot Charts],"12 Jul, 2024 at 4:50 PM","Concludes on 18 Jul, 2024 - 11:59 PM",DA,ASSIGNMENT,https://students.masaischool.com/assignments/41881?tab=assignmentDetails,,,OVER DUE
ASE204_EDA_S4_D4[EDA-6],"12 Jul, 2024 at 3:20 PM","Concludes on 18 Jul, 2024 - 11:59 PM",DA,ASSIGNMENT,https://students.masaischool.com/assignments/41873?tab=assignmentDetails,,,OVER DUE
B37_ES104/ ES204/ ES304_Unlocking Your Inner Achiever_Assignment,"11 Jul, 2024 at 4:00 PM","Concludes on 11 Jul, 2024 - 11:59 PM",CSBT,ASSIGNMENT,https://students.masaischool.com/assignments/41805?tab=assignmentDetails,,,OVER DUE
ASE204- EDA-timed-Contest,"11 Jul, 2024 at 11:30 AM","Concludes on 11 Jul, 2024 - 2:30 PM",Da,ASSIGNMENT,https://students.masaischool.com/assignments/41782?tab=assignmentDetails,,COMPLETED,
ASE204_EDA_S4_D3[EDA-5],"10 Jul, 2024 at 3:50 PM","Concludes on 15 Jul, 2024 - 11:59 PM",Da,ASSIGNMENT,https://students.masaischool.com/assignments/41770?tab=assignmentDetails,,,OVER DUE
PMX104_Python_S4_D3[Excel VII Lookup Functions and Reference Functions],"10 Jul, 2024 at 6:00 PM","Concludes on 14 Jul, 2024 - 11:59 PM",Da,ASSIGNMENT,https://students.masaischool.com/assignments/41769?tab=assignmentDetails,,,OVER DUE
"PMX104_Excel_S4_D2[Excel Table, Charts]","9 Jul, 2024 at 7:55 PM","Concludes on 14 Jul, 2024 - 12:59 PM",Da,ASSIGNMENT,https://students.masaischool.com/assignments/41739?tab=assignmentDetails,,,OVER DUE
ASE204_EDA_S4_D2[EDA-4],"9 Jul, 2024 at 3:15 PM","Concludes on 14 Jul, 2024 - 11:59 PM",Da,ASSIGNMENT,https://students.masaischool.com/assignments/41721?tab=assignmentDetails,,,OVER DUE
"PMX104_Excel_S4_D2[Excel Table, Charts]","9 Jul, 2024 at 6:00 PM","Concludes on 14 Jul, 2024 - 11:59 PM",Da,ASSIGNMENT,https://students.masaischool.com/assignments/41719?tab=assignmentDetails,,,OVER DUE
B37_ES104/204/304_How to navigate change with ease?_Assignment,"9 Jul, 2024 at 4:00 PM","Concludes on 9 Jul, 2024 - 11:30 PM",CSBT,ASSIGNMENT,https://students.masaischool.com/assignments/41701?tab=assignmentDetails,,,OVER DUE
Feedback Form - Monday Evaluation,"8 Jul, 2024 at 10:00 PM","Concludes on 9 Jul, 2024 - 5:00 PM",General,ASSIGNMENT,https://students.masaischool.com/assignments/41691?tab=assignmentDetails,,,OVER DUE
B37_ES104/ ES204/ ES304_Unlocking Your Inner Achiever_DLC,"11 Jul, 2024 at 4:00 PM","Concludes on 11 Jul, 2024 - 7:30 PM",CSBT,PRACTICE,https://students.masaischool.com/assignments/41659?tab=assignmentDetails,,,OVER DUE
B37_ES104/ ES204/ ES304_How to navigate change with ease?_DLC,"9 Jul, 2024 at 4:00 PM","Concludes on 9 Jul, 2024 - 7:30 PM",CSBT,PRACTICE,https://students.masaischool.com/assignments/41643?tab=assignmentDetails,,,OVER DUE
ASE204_EDA_S4_D1[Evaluation-3 | Zoom Recording],"8 Jul, 2024 at 3:30 PM","Concludes on 8 Jul, 2024 - 6:00 PM",Da,ASSIGNMENT,https://students.masaischool.com/assignments/41622?tab=assignmentDetails,,,OVER DUE
PMX104_Excel_S4_D1[Evaluation-3 | Zoom Recording],"8 Jul, 2024 at 2:00 PM","Concludes on 8 Jul, 2024 - 6:00 PM",Da,ASSIGNMENT,https://students.masaischool.com/assignments/41621?tab=assignmentDetails,,,OVER DUE
PMX104_Excel_S4_D1[Evaluation-3],"8 Jul, 2024 at 11:30 AM","Concludes on 8 Jul, 2024 - 1:00 PM",Dsa,EVALUATION,https://students.masaischool.com/assignments/41620?tab=assignmentDetails,0/10,,OVER DUE
ASE204_EDA_S4_D1[Evaluation-3],"8 Jul, 2024 at 2:00 PM","Concludes on 8 Jul, 2024 - 4:00 PM",Coding,EVALUATION,https://students.masaischool.com/assignments/41619?tab=assignmentDetails,0/10,,OVER DUE
B37_ES304_A3 Evaluation,"8 Jul, 2024 at 6:00 PM","Concludes on 8 Jul, 2024 - 7:00 PM",CSBT,EVALUATION,https://students.masaischool.com/assignments/41591?tab=assignmentDetails,,,OVER DUE
B37_ES304_A3 Evaluation_Practice,"5 Jul, 2024 at 10:00 PM","Concludes on 5 Jul, 2024 - 11:00 PM",CSBT,PRACTICE,https://students.masaischool.com/assignments/41571?tab=assignmentDetails,,,OVER DUE
DA-ASE204-Timed EDA Assignment,"5 Jul, 2024 at 11:30 AM","Concludes on 5 Jul, 2024 - 2:00 PM",Da,ASSIGNMENT,https://students.masaischool.com/assignments/41545?tab=assignmentDetails,,COMPLETED,
"PMX104_Excel_S3_D3[Excel - III Arithmetic Operators, Fill options, Cell Referencing, Introduction to Functions & Logical Functions]","4 Jul, 2024 at 10:20 PM","Concludes on 8 Jul, 2024 - 11:59 PM",Da,ASSIGNMENT,https://students.masaischool.com/assignments/41538?tab=assignmentDetails,,,OVER DUE
ASE204_EDA_S3_D3[EDA-3],"4 Jul, 2024 at 10:20 PM","Concludes on 7 Jul, 2024 - 11:59 PM",Da,ASSIGNMENT,https://students.masaischool.com/assignments/41535?tab=assignmentDetails,,,OVER DUE
B37 - Track 1 Assignment - Master the Startup Mindset,"4 Jul, 2024 at 4:30 PM","Concludes on 4 Jul, 2024 - 11:59 PM",Csbt,ASSIGNMENT,https://students.masaischool.com/assignments/41512?tab=assignmentDetails,,COMPLETED,
ASE204_EDA_S3_D3[EDA-2],"3 Jul, 2024 at 4:10 PM","Concludes on 7 Jul, 2024 - 11:59 PM",Da,ASSIGNMENT,https://students.masaischool.com/assignments/41477?tab=assignmentDetails,,,OVER DUE
"PMX104_Excel_S3_D3[Excel II Cell Formatting, Conditional and Custom Formatting]","3 Jul, 2024 at 6:00 PM","Concludes on 7 Jul, 2024 - 11:59 PM",Da,ASSIGNMENT,https://students.masaischool.com/assignments/41476?tab=assignmentDetails,,COMPLETED,
ASE204_EDA_S3_D2[EDA-1],"2 Jul, 2024 at 3:20 PM","Concludes on 7 Jul, 2024 - 11:59 PM",Da,ASSIGNMENT,https://students.masaischool.com/assignments/41430?tab=assignmentDetails,,,OVER DUE
PMX104_Excel_S3_D2[Excel - I Introduction To Excel + Text Formatting],"2 Jul, 2024 at 6:00 PM","Concludes on 7 Jul, 2024 - 11:59 PM",Da,ASSIGNMENT,https://students.masaischool.com/assignments/41429?tab=assignmentDetails,,COMPLETED,
B37_ES104/ ES204/ ES304_Master the startup mindset_DLC,"4 Jul, 2024 at 4:00 PM","Concludes on 4 Jul, 2024 - 7:30 PM",CSBT,PRACTICE,https://students.masaischool.com/assignments/41413?tab=assignmentDetails,10/10,COMPLETED,
<Important> Mid Unit Feedback form,"2 Jul, 2024 at 11:20 AM","Concludes on 4 Jul, 2024 - 11:30 AM",General,ASSIGNMENT,https://students.masaischool.com/assignments/41402?tab=assignmentDetails,,COMPLETED,
B37_ES104/ ES204/ ES304_How to succeed in teams?_DLC,"2 Jul, 2024 at 4:00 PM","Concludes on 2 Jul, 2024 - 7:30 PM",CSBT,PRACTICE,https://students.masaischool.com/assignments/41379?tab=assignmentDetails,10/10,COMPLETED,
B37 - Track 1 - Assignment 5,"2 Jul, 2024 at 4:00 PM","Concludes on 2 Jul, 2024 - 11:55 PM",Csbt,ASSIGNMENT,https://students.masaischool.com/assignments/41357?tab=assignmentDetails,,COMPLETED,
PMX104_PowerBI_S3_D1[Evaluation-2],"1 Jul, 2024 at 11:30 AM","Concludes on 1 Jul, 2024 - 1:30 PM",Dsa,EVALUATION,https://students.masaischool.com/assignments/41326?tab=assignmentDetails,7/10,COMPLETED,
PMX104_PowerBI_S3_D1[Evaluation-2 | Recording],"1 Jul, 2024 at 1:00 PM","Concludes on 1 Jul, 2024 - 6:00 PM",Da,ASSIGNMENT,https://students.masaischool.com/assignments/41325?tab=assignmentDetails,,COMPLETED,
DSA Contest (Leetcode - 404),"29 Jun, 2024 at 6:00 PM","Concludes on 30 Jun, 2024 - 11:59 PM",Dsa,ASSIGNMENT,https://students.masaischool.com/assignments/41304?tab=assignmentDetails,,COMPLETED,
B37_ES304_A2 Evaluation_Web & DA,"1 Jul, 2024 at 6:00 PM","Concludes on 1 Jul, 2024 - 7:00 PM",CSBT,EVALUATION,https://students.masaischool.com/assignments/41298?tab=assignmentDetails,,COMPLETED,
B37_ES304_A2 Evaluation Practice,"28 Jun, 2024 at 10:00 PM","Concludes on 28 Jun, 2024 - 11:00 PM",CSBT,PRACTICE,https://students.masaischool.com/assignments/41289?tab=assignmentDetails,,COMPLETED,
FT-ASE204-ADV SQL evaluation,"1 Jul, 2024 at 2:00 PM","Concludes on 1 Jul, 2024 - 4:00 PM",Coding,EVALUATION,https://students.masaischool.com/assignments/41286?tab=assignmentDetails,,COMPLETED,
FT-35-ASE204 | Adv. SQL Assignment 7.0,"29 Jun, 2024 at 3:00 PM","Concludes on 9 Jul, 2024 - 11:59 PM",Coding Platform,ASSIGNMENT,https://students.masaischool.com/assignments/41281?tab=assignmentDetails,,COMPLETED,
FT-35-ASE204 | Adv. SQL OPTIONAL Assignment 6.0,"28 Jun, 2024 at 9:00 PM","Concludes on 7 Jul, 2024 - 11:59 PM",Coding Platform,ASSIGNMENT,https://students.masaischool.com/assignments/41280?tab=assignmentDetails,,COMPLETED,
PMX104_PowerBI_S2_D4[Visuals],"27 Jun, 2024 at 6:00 PM","Concludes on 1 Jul, 2024 - 11:59 PM",Da,ASSIGNMENT,https://students.masaischool.com/assignments/41231?tab=assignmentDetails,,COMPLETED,
B37_ES104/204/304_Level Up your life_DLC,"27 Jun, 2024 at 4:00 PM","Concludes on 27 Jun, 2024 - 7:00 PM",CSBT,PRACTICE,https://students.masaischool.com/assignments/41189?tab=assignmentDetails,10/10,COMPLETED,
B37 - Level Up your life,"27 Jun, 2024 at 4:00 PM","Concludes on 27 Jun, 2024 - 11:30 PM",Csbt,ASSIGNMENT,https://students.masaischool.com/assignments/41178?tab=assignmentDetails,,COMPLETED,
PMX104_PowerBI_S2_D3[DAX-2],"26 Jun, 2024 at 4:00 PM","Concludes on 30 Jun, 2024 - 11:59 PM",Da,ASSIGNMENT,https://students.masaischool.com/assignments/41157?tab=assignmentDetails,,COMPLETED,
B37_ES104/204/304_Small habits - Bright future_DLC,"25 Jun, 2024 at 5:30 PM","Concludes on 25 Jun, 2024 - 8:30 PM",CSBT,PRACTICE,https://students.masaischool.com/assignments/41115?tab=assignmentDetails,10/10,COMPLETED,
FT-ASE204 | Adv. SQL Assignment 5,"26 Jun, 2024 at 9:00 PM","Concludes on 1 Jul, 2024 - 11:55 PM",Coding Platform,ASSIGNMENT,https://students.masaischool.com/assignments/41110?tab=assignmentDetails,,COMPLETED,
FT-ASE204 | Adv. SQL Assignment 4,"25 Jun, 2024 at 9:00 PM","Concludes on 30 Jun, 2024 - 11:55 PM",Coding Platform,ASSIGNMENT,https://students.masaischool.com/assignments/41108?tab=assignmentDetails,,COMPLETED,
B37_ES104/204/304_Small habits - Bright future,"25 Jun, 2024 at 3:45 PM","Concludes on 25 Jun, 2024 - 11:30 PM",Csbt,ASSIGNMENT,https://students.masaischool.com/assignments/41095?tab=assignmentDetails,,COMPLETED,
FT35 DA214 PowerBi - 5,"25 Jun, 2024 at 5:00 PM","Concludes on 30 Jun, 2024 - 12:59 PM",Da,ASSIGNMENT,https://students.masaischool.com/assignments/41068?tab=assignmentDetails,,COMPLETED,
Feedback Form - Monday Evaluation,"24 Jun, 2024 at 7:10 PM","Concludes on 25 Jun, 2024 - 7:00 PM",General,ASSIGNMENT,https://students.masaischool.com/assignments/41063?tab=assignmentDetails,,COMPLETED,
5 MIN ZOOM OVERVIEW RECORDING,"24 Jun, 2024 at 1:30 PM","Concludes on 24 Jun, 2024 - 3:00 PM",Da,ASSIGNMENT,https://students.masaischool.com/assignments/41032?tab=assignmentDetails,,COMPLETED,
FT-ASE204 | Adv SQL | Evaluation 1,"24 Jun, 2024 at 2:00 PM","Concludes on 24 Jun, 2024 - 4:00 PM",Coding,EVALUATION,https://students.masaischool.com/assignments/41005?tab=assignmentDetails,,COMPLETED,
FT-PMX104-B37 | Power BI | Evaluation 1,"24 Jun, 2024 at 11:30 AM","Concludes on 24 Jun, 2024 - 1:00 PM",Dsa,EVALUATION,https://students.masaischool.com/assignments/41004?tab=assignmentDetails,7/10,COMPLETED,
FT35 DA214 PowerBi - 4,"22 Jun, 2024 at 8:00 PM","Concludes on 28 Jun, 2024 - 11:59 PM",Da,ASSIGNMENT,https://students.masaischool.com/assignments/41003?tab=assignmentDetails,,COMPLETED,
DSA Contest (Leetcode - 403),"22 Jun, 2024 at 6:00 PM","Concludes on 23 Jun, 2024 - 11:59 PM",Dsa,ASSIGNMENT,https://students.masaischool.com/assignments/40994?tab=assignmentDetails,,COMPLETED,
FT-204 | Adv. SQL OPTIONAL Assignment 3,"21 Jun, 2024 at 9:00 PM","Concludes on 27 Jun, 2024 - 11:58 PM",Coding Platform,ASSIGNMENT,https://students.masaischool.com/assignments/40976?tab=assignmentDetails,,COMPLETED,
FT-204 | Adv. SQL OPTIONAL Assignment 3,"21 Jun, 2024 at 9:00 PM","Concludes on 27 Jun, 2024 - 11:58 PM",Coding Platform,ASSIGNMENT,https://students.masaischool.com/assignments/40975?tab=assignmentDetails,,COMPLETED,
B37 Unit 3 - CSBT A1 Evaluations,"24 Jun, 2024 at 6:00 PM","Concludes on 24 Jun, 2024 - 6:45 PM",Csbt,EVALUATION,https://students.masaischool.com/assignments/40965?tab=assignmentDetails,0/10,COMPLETED,
Practice - B37 Unit 3 - CSBT A1 Evaluations,"21 Jun, 2024 at 6:00 PM","Concludes on 21 Jun, 2024 - 6:45 PM",Csbt,EVALUATION,https://students.masaischool.com/assignments/40962?tab=assignmentDetails,,COMPLETED,
B37_ES104/204/304_How to mind your manners at work?_DLC,"21 Jun, 2024 at 3:45 PM","Concludes on 21 Jun, 2024 - 7:30 PM",CSBT,PRACTICE,https://students.masaischool.com/assignments/40956?tab=assignmentDetails,10/10,COMPLETED,
FT35 DA214 PowerBi - 3,"21 Jun, 2024 at 5:00 PM","Concludes on 23 Jun, 2024 - 12:59 PM",Da,ASSIGNMENT,https://students.masaischool.com/assignments/40950?tab=assignmentDetails,,COMPLETED,
FT-ASE204 | Adv. SQL Assignment 2,"20 Jun, 2024 at 9:30 PM","Concludes on 26 Jun, 2024 - 11:55 PM",Coding Platform,ASSIGNMENT,https://students.masaischool.com/assignments/40927?tab=assignmentDetails,,COMPLETED,
FT35 DA214 PowerBi - 2,"20 Jun, 2024 at 9:20 PM","Concludes on 23 Jun, 2024 - 12:59 PM",Da,ASSIGNMENT,https://students.masaischool.com/assignments/40926?tab=assignmentDetails,,COMPLETED,
FT-ASE204 | Advance SQL Assignment 1,"20 Jun, 2024 at 9:10 PM","Concludes on 26 Jun, 2024 - 11:59 PM",Da,ASSIGNMENT,https://students.masaischool.com/assignments/40925?tab=assignmentDetails,,COMPLETED,
B37: ES Assignment 2,"21 Jun, 2024 at 4:30 PM","Concludes on 21 Jun, 2024 - 11:30 PM",Csbt,ASSIGNMENT,https://students.masaischool.com/assignments/40910?tab=assignmentDetails,,COMPLETED,
B37_ES104/204/304_Beyond the degree - Be Career ready_DLC,"20 Jun, 2024 at 3:45 PM","Concludes on 20 Jun, 2024 - 7:00 PM",CSBT,PRACTICE,https://students.masaischool.com/assignments/40880?tab=assignmentDetails,10/10,COMPLETED,
B37 - ES Daily Assignment 1,"20 Jun, 2024 at 4:00 PM","Concludes on 20 Jun, 2024 - 11:45 PM",Csbt,ASSIGNMENT,https://students.masaischool.com/assignments/40863?tab=assignmentDetails,,COMPLETED,
FT35 DA214 PowerBi - 1,"19 Jun, 2024 at 5:30 PM","Concludes on 23 Jun, 2024 - 12:59 PM",Da,ASSIGNMENT,https://students.masaischool.com/assignments/40848?tab=assignmentDetails,,COMPLETED,
DSA Contest (Leetcode - 402),"15 Jun, 2024 at 6:00 PM","Concludes on 16 Jun, 2024 - 11:59 PM",Dsa,ASSIGNMENT,https://students.masaischool.com/assignments/40788?tab=assignmentDetails,,COMPLETED,
B36 Construct Week Project Submission,"15 Jun, 2024 at 2:00 PM","Concludes on 16 Jun, 2024 - 11:00 PM",General,PROJECT,https://students.masaischool.com/assignments/40784?tab=assignmentDetails,,COMPLETED,
S5D3 -> MongoDB Assess Problems Level 2,"12 Jun, 2024 at 7:30 PM","Concludes on 16 Jun, 2024 - 7:30 PM",Coding,ASSIGNMENT,https://students.masaischool.com/assignments/40741?tab=assignmentDetails,,COMPLETED,
S5D3 -> Tradeoff Analysis (SQL vs NoSQL) Level 1,"12 Jun, 2024 at 6:15 PM","Concludes on 16 Jun, 2024 - 6:02 PM",Coding,ASSIGNMENT,https://students.masaischool.com/assignments/40740?tab=assignmentDetails,,COMPLETED,
<Important> End of unit feedback form,"11 Jun, 2024 at 11:30 AM","Concludes on 13 Jun, 2024 - 11:45 PM",General,ASSIGNMENT,https://students.masaischool.com/assignments/40697?tab=assignmentDetails,,COMPLETED,
FT-35 | Python Assignment 15,"12 Jun, 2024 at 8:00 PM","Concludes on 17 Jun, 2024 - 11:59 PM",Da,ASSIGNMENT,https://students.masaischool.com/assignments/40673?tab=assignmentDetails,,COMPLETED,
FT-35 | Python Assignment 14,"11 Jun, 2024 at 8:00 PM","Concludes on 17 Jun, 2024 - 11:59 PM",Da,ASSIGNMENT,https://students.masaischool.com/assignments/40672?tab=assignmentDetails,,COMPLETED,
FT-35 | Python Assignment 13,"11 Jun, 2024 at 8:00 PM","Concludes on 17 Jun, 2024 - 11:59 PM",Da,ASSIGNMENT,https://students.masaischool.com/assignments/40671?tab=assignmentDetails,,COMPLETED,
FT-35 | Python Assignment 12,"10 Jun, 2024 at 8:00 PM","Concludes on 17 Jun, 2024 - 11:59 PM",Da,ASSIGNMENT,https://students.masaischool.com/assignments/40670?tab=assignmentDetails,,COMPLETED,
FT-35 | Python Assignment 11,"10 Jun, 2024 at 6:00 PM","Concludes on 17 Jun, 2024 - 11:59 PM",Da,ASSIGNMENT,https://students.masaischool.com/assignments/40667?tab=assignmentDetails,,COMPLETED,
Evaluation Recording,"10 Jun, 2024 at 5:00 PM","Concludes on 10 Jun, 2024 - 11:59 PM",Coding,ASSIGNMENT,https://students.masaischool.com/assignments/40660?tab=assignmentDetails,,COMPLETED,
HackerRank SQL Certification,"11 Jun, 2024 at 6:00 PM","Concludes on 16 Jun, 2024 - 11:59 PM",Coding,ASSIGNMENT,https://students.masaischool.com/assignments/40649?tab=assignmentDetails,,COMPLETED,
SQL Revision Assignment,"11 Jun, 2024 at 6:00 PM","Concludes on 13 Jun, 2024 - 11:59 PM",Coding,ASSIGNMENT,https://students.masaischool.com/assignments/40648?tab=assignmentDetails,,COMPLETED,
Feedback Form - Monday Evaluation,"10 Jun, 2024 at 5:00 PM","Concludes on 11 Jun, 2024 - 5:00 PM",General,ASSIGNMENT,https://students.masaischool.com/assignments/40642?tab=assignmentDetails,,COMPLETED,
DA101 Evaluation 4(zoom recording submission),"10 Jun, 2024 at 11:30 AM","Concludes on 10 Jun, 2024 - 5:30 PM",Da,EVALUATION,https://students.masaischool.com/assignments/40641?tab=assignmentDetails,,COMPLETED,
FT-35 DA101 Evaluation 4,"10 Jun, 2024 at 11:30 AM","Concludes on 10 Jun, 2024 - 1:30 PM",Da,EVALUATION,https://students.masaischool.com/assignments/40640?tab=assignmentDetails,7/10,COMPLETED,
DSA Contest (Leetcode - 401),"8 Jun, 2024 at 6:00 PM","Concludes on 9 Jun, 2024 - 11:59 PM",Dsa,ASSIGNMENT,https://students.masaischool.com/assignments/40632?tab=assignmentDetails,,COMPLETED,
AI Demo Interview,"8 Jun, 2024 at 6:00 PM","Concludes on 8 Jun, 2024 - 7:00 PM",CSBT,ASSIGNMENT,https://students.masaischool.com/assignments/40609?tab=assignmentDetails,,COMPLETED,
B36_ES101/201/301_Secrets To Commanding Your Time,"6 Jun, 2024 at 4:00 PM","Concludes on 6 Jun, 2024 - 11:59 PM",Csbt,ASSIGNMENT,https://students.masaischool.com/assignments/40522?tab=assignmentDetails,,COMPLETED,
S4D4 -> Replication | Sharding | Transaction | Atlas [ Level - 2 ],"7 Jun, 2024 at 6:00 PM","Concludes on 9 Jun, 2024 - 11:59 PM",Coding,ASSIGNMENT,https://students.masaischool.com/assignments/40514?tab=assignmentDetails,,COMPLETED,
S4D4 -> Replication | Sharding | Transaction | Atlas [ Level - 1 ],"7 Jun, 2024 at 6:00 PM","Concludes on 9 Jun, 2024 - 11:59 PM",Coding,ASSIGNMENT,https://students.masaischool.com/assignments/40513?tab=assignmentDetails,,COMPLETED,
B36_DB101_Evaluation_4 [ Mongo Query + Database Design ],"10 Jun, 2024 at 2:30 PM","Concludes on 10 Jun, 2024 - 5:30 PM",Coding,EVALUATION,https://students.masaischool.com/assignments/40510?tab=assignmentDetails,5/10,COMPLETED,
S4D3 -> Capped Collection | Schema Validation | $regex | Indexing [ Level - 2 ],"6 Jun, 2024 at 6:00 PM","Concludes on 9 Jun, 2024 - 11:59 PM",Coding,ASSIGNMENT,https://students.masaischool.com/assignments/40481?tab=assignmentDetails,,COMPLETED,
S4D3 -> Capped Collection | Schema Validation | $regex | Indexing [ Level - 1 ],"6 Jun, 2024 at 6:00 PM","Concludes on 9 Jun, 2024 - 11:59 PM",Coding,ASSIGNMENT,https://students.masaischool.com/assignments/40480?tab=assignmentDetails,,COMPLETED,
FT-35 | Python Assignment 10,"4 Jun, 2024 at 9:00 PM","Concludes on 9 Jun, 2024 - 11:59 PM",Da,ASSIGNMENT,https://students.masaischool.com/assignments/40467?tab=assignmentDetails,,COMPLETED,
TC Assignment Week 4 [Take Home],"5 Jun, 2024 at 4:00 PM","Concludes on 5 Jun, 2024 - 11:59 PM",Coding,ASSIGNMENT,https://students.masaischool.com/assignments/40437?tab=assignmentDetails,,COMPLETED,
TC Assignment Week 4 [In Class],"5 Jun, 2024 at 2:45 PM","Concludes on 5 Jun, 2024 - 3:50 PM",Coding,ASSIGNMENT,https://students.masaischool.com/assignments/40436?tab=assignmentDetails,,COMPLETED,
S4D2 -> Database Design in MongoDB [ Level - 2 ],"5 Jun, 2024 at 6:00 PM","Concludes on 8 Jun, 2024 - 11:59 PM",Coding,ASSIGNMENT,https://students.masaischool.com/assignments/40435?tab=assignmentDetails,,COMPLETED,
S4D1 -> Database Design in MongoDB [ Level - 1 ],"5 Jun, 2024 at 6:00 PM","Concludes on 7 Jun, 2024 - 11:59 PM",Coding,ASSIGNMENT,https://students.masaischool.com/assignments/40434?tab=assignmentDetails,,COMPLETED,
S3D5 -> $lookup | Date Query | $bucket [ Level - 2 ],"4 Jun, 2024 at 6:00 PM","Concludes on 7 Jun, 2024 - 11:59 PM",Coding,ASSIGNMENT,https://students.masaischool.com/assignments/40433?tab=assignmentDetails,,COMPLETED,
S3D5 -> $lookup | Date Query | $bucket [ Level - 1 ],"4 Jun, 2024 at 6:00 PM","Concludes on 7 Jun, 2024 - 11:59 PM",Coding,ASSIGNMENT,https://students.masaischool.com/assignments/40432?tab=assignmentDetails,,COMPLETED,
Feedback Form - Monday Evaluation,"3 Jun, 2024 at 5:00 PM","Concludes on 4 Jun, 2024 - 5:00 PM",General,ASSIGNMENT,https://students.masaischool.com/assignments/40408?tab=assignmentDetails,,COMPLETED,
B36_ES101/201/301_Own Your Time,"4 Jun, 2024 at 4:00 PM","Concludes on 4 Jun, 2024 - 11:30 PM",Csbt,ASSIGNMENT,https://students.masaischool.com/assignments/40403?tab=assignmentDetails,,COMPLETED,
B36_ES101/201/301_Own Your Time_DLC,"4 Jun, 2024 at 4:00 PM","Concludes on 4 Jun, 2024 - 7:30 PM",CSBT,PRACTICE,https://students.masaischool.com/assignments/40396?tab=assignmentDetails,8/10,COMPLETED,
Evaluation Recording Submission,"3 Jun, 2024 at 4:00 PM","Concludes on 4 Jun, 2024 - 12:00 PM",Coding,ASSIGNMENT,https://students.masaischool.com/assignments/40389?tab=assignmentDetails,,COMPLETED,
Evaluation 3 Zoom Recording,"3 Jun, 2024 at 1:00 PM","Concludes on 3 Jun, 2024 - 3:00 PM",Da,EVALUATION,https://students.masaischool.com/assignments/40364?tab=assignmentDetails,,COMPLETED,
FT-35 DA101 Evaluation 3,"3 Jun, 2024 at 11:30 AM","Concludes on 3 Jun, 2024 - 1:30 PM",Da,EVALUATION,https://students.masaischool.com/assignments/40363?tab=assignmentDetails,7/10,COMPLETED,
DSA Contest (Leetcode - 400),"1 Jun, 2024 at 6:00 PM","Concludes on 2 Jun, 2024 - 11:59 PM",Dsa,ASSIGNMENT,https://students.masaischool.com/assignments/40321?tab=assignmentDetails,,COMPLETED,
S3D4 -> MongoDB Aggregation - 2 | Pipeline [ Level - 2 ],"31 May, 2024 at 6:00 PM","Concludes on 2 Jun, 2024 - 11:59 PM",Coding,ASSIGNMENT,https://students.masaischool.com/assignments/40250?tab=assignmentDetails,,COMPLETED,
S3D4 -> MongoDB Aggregation - 2 | Pipeline [ Level - 1 ],"31 May, 2024 at 6:00 PM","Concludes on 2 Jun, 2024 - 11:59 PM",Coding,ASSIGNMENT,https://students.masaischool.com/assignments/40249?tab=assignmentDetails,,COMPLETED,
B36_DB101_Evaluation_3 [ LMS Mongo Query ],"3 Jun, 2024 at 2:30 PM","Concludes on 3 Jun, 2024 - 5:00 PM",Coding,EVALUATION,https://students.masaischool.com/assignments/40241?tab=assignmentDetails,8/10,COMPLETED,
FT-35 | Python Assignment 9,"29 May, 2024 at 8:00 PM","Concludes on 2 Jun, 2024 - 11:59 PM",Da,ASSIGNMENT,https://students.masaischool.com/assignments/40236?tab=assignmentDetails,,COMPLETED,
S3D3 -> Mongodb Cursor | Projections | Expression | Aggregation - 1 [ Level - 2 ],"30 May, 2024 at 6:00 PM","Concludes on 2 Jun, 2024 - 11:59 PM",Coding,ASSIGNMENT,https://students.masaischool.com/assignments/40208?tab=assignmentDetails,,COMPLETED,
S3D3 -> Mongodb Cursor | Projections | Expression | Aggregation - 1 [ Level - 1 ],"30 May, 2024 at 6:00 PM","Concludes on 2 Jun, 2024 - 11:59 PM",Coding,ASSIGNMENT,https://students.masaischool.com/assignments/40207?tab=assignmentDetails,,COMPLETED,
S3D2 -> Data Dynamics in MongoDB | Array operations | Operators [ Level - 2 ],"29 May, 2024 at 6:00 PM","Concludes on 1 Jun, 2024 - 11:59 PM",Coding,ASSIGNMENT,https://students.masaischool.com/assignments/40206?tab=assignmentDetails,,COMPLETED,
S3D2 -> Data Dynamics in MongoDB | Array operations | Operators [ Level - 1 ],"29 May, 2024 at 6:00 PM","Concludes on 31 May, 2024 - 11:59 PM",Coding,ASSIGNMENT,https://students.masaischool.com/assignments/40205?tab=assignmentDetails,,COMPLETED,
DB-101_Week - 3_Take Home Assignment,"29 May, 2024 at 4:15 PM","Concludes on 29 May, 2024 - 11:59 PM",Coding,ASSIGNMENT,https://students.masaischool.com/assignments/40199?tab=assignmentDetails,,COMPLETED,
DB-101_Week - 3_In Class Assignment,"29 May, 2024 at 2:45 PM","Concludes on 29 May, 2024 - 4:30 PM",Coding,ASSIGNMENT,https://students.masaischool.com/assignments/40198?tab=assignmentDetails,,COMPLETED,
S3D1 -> Introduction to MongoDB | CRUD [ Level - 2 ],"28 May, 2024 at 6:00 PM","Concludes on 31 May, 2024 - 11:59 PM",Coding,ASSIGNMENT,https://students.masaischool.com/assignments/40159?tab=assignmentDetails,,COMPLETED,
S3D1 -> Introduction to MongoDB | CRUD [ Level - 1 ],"28 May, 2024 at 6:00 PM","Concludes on 31 May, 2024 - 11:59 PM",Coding,ASSIGNMENT,https://students.masaischool.com/assignments/40158?tab=assignmentDetails,,,OVER DUE
Feedback Form - Monday Evaluation,"27 May, 2024 at 10:10 PM","Concludes on 28 May, 2024 - 5:00 PM",General,ASSIGNMENT,https://students.masaischool.com/assignments/40140?tab=assignmentDetails,,COMPLETED,
FT-35 | Python Assignment 8,"27 May, 2024 at 6:00 PM","Concludes on 2 Jun, 2024 - 11:59 PM",Da,ASSIGNMENT,https://students.masaischool.com/assignments/40118?tab=assignmentDetails,,COMPLETED,
B36_ES101/201/301_Conquer Your Schedule,"30 May, 2024 at 4:00 PM","Concludes on 30 May, 2024 - 11:00 PM",Csbt,ASSIGNMENT,https://students.masaischool.com/assignments/40113?tab=assignmentDetails,,COMPLETED,
DB-101-Evaluation-Recording-C2,"27 May, 2024 at 5:00 PM","Concludes on 27 May, 2024 - 11:59 PM",Coding,ASSIGNMENT,https://students.masaischool.com/assignments/40081?tab=assignmentDetails,,COMPLETED,
B36_ES101/201/301_Conquer Your Schedule_DLC,"30 May, 2024 at 4:00 PM","Concludes on 30 May, 2024 - 7:00 PM",CSBT,PRACTICE,https://students.masaischool.com/assignments/40080?tab=assignmentDetails,10/10,COMPLETED,
B36_ES101/201/301_How To Manage Time Like Elon Musk?_DLC,"28 May, 2024 at 4:00 PM","Concludes on 28 May, 2024 - 7:00 PM",CSBT,PRACTICE,https://students.masaischool.com/assignments/40075?tab=assignmentDetails,10/10,COMPLETED,
<Important> Mid Unit Feedback form,"27 May, 2024 at 11:30 AM","Concludes on 30 May, 2024 - 11:30 AM",General,ASSIGNMENT,https://students.masaischool.com/assignments/40060?tab=assignmentDetails,,COMPLETED,
Evaluation 2 - Zoom Recording,"27 May, 2024 at 1:30 PM","Concludes on 27 May, 2024 - 3:30 PM",Da,EVALUATION,https://students.masaischool.com/assignments/40040?tab=assignmentDetails,,COMPLETED,
Evaluation -2,"27 May, 2024 at 11:30 AM","Concludes on 27 May, 2024 - 1:30 PM",Da,EVALUATION,https://students.masaischool.com/assignments/40039?tab=assignmentDetails,5/10,COMPLETED,
DSA Contest (Leetcode - 399),"25 May, 2024 at 6:00 PM","Concludes on 26 May, 2024 - 11:59 PM",Dsa,ASSIGNMENT,https://students.masaischool.com/assignments/40021?tab=assignmentDetails,,COMPLETED,
FT-35 | Python Assignment 7,"24 May, 2024 at 8:00 PM","Concludes on 26 May, 2024 - 11:59 PM",Da,ASSIGNMENT,https://students.masaischool.com/assignments/39977?tab=assignmentDetails,,COMPLETED,
FT-35 | Python Assignment 6,"23 May, 2024 at 9:35 PM","Concludes on 26 May, 2024 - 11:59 PM",Coding,ASSIGNMENT,https://students.masaischool.com/assignments/39908?tab=assignmentDetails,,COMPLETED,
B36_DB101_Evaluation_2 [ CP + LMS ],"27 May, 2024 at 2:30 PM","Concludes on 27 May, 2024 - 5:00 PM",Coding,EVALUATION,https://students.masaischool.com/assignments/39883?tab=assignmentDetails,9/10,COMPLETED,
FT-35 | Python Assignment 5,"22 May, 2024 at 8:00 PM","Concludes on 26 May, 2024 - 11:59 PM",Coding,ASSIGNMENT,https://students.masaischool.com/assignments/39855?tab=assignmentDetails,,COMPLETED,
FT-35 | Python Assignment 4,"22 May, 2024 at 8:00 PM","Concludes on 26 May, 2024 - 11:59 PM",Da,ASSIGNMENT,https://students.masaischool.com/assignments/39853?tab=assignmentDetails,,COMPLETED,
DB-101_Week - 2_In Class Assignment,"22 May, 2024 at 2:45 PM","Concludes on 22 May, 2024 - 4:30 PM",Coding,ASSIGNMENT,https://students.masaischool.com/assignments/39804?tab=assignmentDetails,,COMPLETED,
DB-101_Week - 2_Take Home Assignment,"22 May, 2024 at 4:20 PM","Concludes on 23 May, 2024 - 11:59 PM",Coding,ASSIGNMENT,https://students.masaischool.com/assignments/39803?tab=assignmentDetails,,COMPLETED,
B36_Masai Speaking Marathon_Day 26,"11 Jun, 2024 at 12:01 AM","Concludes on 11 Jun, 2024 - 11:59 PM",Assessment Platform,PRACTICE,https://students.masaischool.com/assignments/39711?tab=assignmentDetails,,,OVER DUE
B36_Masai Speaking Marathon_Day 25,"10 Jun, 2024 at 12:01 AM","Concludes on 10 Jun, 2024 - 11:59 PM",Assessment Platform,PRACTICE,https://students.masaischool.com/assignments/39710?tab=assignmentDetails,,,OVER DUE
B36_Masai Speaking Marathon_Day 24,"9 Jun, 2024 at 12:01 AM","Concludes on 9 Jun, 2024 - 11:59 PM",Assessment Platform,PRACTICE,https://students.masaischool.com/assignments/39709?tab=assignmentDetails,,,OVER DUE
B36_Masai Speaking Marathon_Day 23,"8 Jun, 2024 at 12:01 AM","Concludes on 8 Jun, 2024 - 11:59 PM",Assessment Platform,PRACTICE,https://students.masaischool.com/assignments/39708?tab=assignmentDetails,,,OVER DUE
B36_Masai Speaking Marathon_Day 22,"7 Jun, 2024 at 12:01 AM","Concludes on 7 Jun, 2024 - 11:59 PM",Assessment Platform,PRACTICE,https://students.masaischool.com/assignments/39707?tab=assignmentDetails,,,OVER DUE
B36_Masai Speaking Marathon_Day 21,"6 Jun, 2024 at 12:01 AM","Concludes on 6 Jun, 2024 - 11:59 PM",Assessment Platform,PRACTICE,https://students.masaischool.com/assignments/39706?tab=assignmentDetails,,,OVER DUE
B36_Masai Speaking Marathon_Day 20,"5 Jun, 2024 at 12:01 AM","Concludes on 5 Jun, 2024 - 11:59 PM",Assessment Platform,PRACTICE,https://students.masaischool.com/assignments/39705?tab=assignmentDetails,,,OVER DUE
B36_Masai Speaking Marathon_Day 19,"4 Jun, 2024 at 12:01 AM","Concludes on 4 Jun, 2024 - 11:59 PM",Assessment Platform,PRACTICE,https://students.masaischool.com/assignments/39704?tab=assignmentDetails,,,OVER DUE
B36_Masai Speaking Marathon_Day 18,"3 Jun, 2024 at 12:01 AM","Concludes on 3 Jun, 2024 - 11:59 PM",Assessment Platform,PRACTICE,https://students.masaischool.com/assignments/39703?tab=assignmentDetails,7/10,COMPLETED,
B36_Masai Speaking Marathon_Day 17,"2 Jun, 2024 at 12:01 AM","Concludes on 2 Jun, 2024 - 11:59 PM",Assessment Platform,PRACTICE,https://students.masaischool.com/assignments/39702?tab=assignmentDetails,7/10,COMPLETED,
B36_Masai Speaking Marathon_Day 16,"1 Jun, 2024 at 12:01 AM","Concludes on 1 Jun, 2024 - 11:59 PM",Assessment Platform,PRACTICE,https://students.masaischool.com/assignments/39701?tab=assignmentDetails,,,OVER DUE
B36_Masai Speaking Marathon_Day 15,"31 May, 2024 at 12:01 AM","Concludes on 31 May, 2024 - 11:59 PM",Assessment Platform,PRACTICE,https://students.masaischool.com/assignments/39700?tab=assignmentDetails,9/10,COMPLETED,
B36_Masai Speaking Marathon_Day 14,"30 May, 2024 at 12:01 AM","Concludes on 30 May, 2024 - 11:59 PM",Assessment Platform,PRACTICE,https://students.masaischool.com/assignments/39699?tab=assignmentDetails,,,OVER DUE
B36_Masai Speaking Marathon_Day 13,"29 May, 2024 at 12:01 AM","Concludes on 29 May, 2024 - 11:59 PM",Assessment Platform,PRACTICE,https://students.masaischool.com/assignments/39698?tab=assignmentDetails,,,OVER DUE
B36_Masai Speaking Marathon_Day 12,"28 May, 2024 at 12:01 AM","Concludes on 28 May, 2024 - 11:59 PM",Assessment Platform,PRACTICE,https://students.masaischool.com/assignments/39697?tab=assignmentDetails,,,OVER DUE
B36_Masai Speaking Marathon_Day 11,"27 May, 2024 at 12:01 AM","Concludes on 27 May, 2024 - 11:59 PM",Assessment Platform,PRACTICE,https://students.masaischool.com/assignments/39696?tab=assignmentDetails,,,OVER DUE
B36_Masai Speaking Marathon_Day 10,"26 May, 2024 at 12:01 AM","Concludes on 26 May, 2024 - 11:59 PM",Assessment Platform,PRACTICE,https://students.masaischool.com/assignments/39695?tab=assignmentDetails,,,OVER DUE
B36_Masai Speaking Marathon_Day 09,"25 May, 2024 at 12:01 AM","Concludes on 25 May, 2024 - 11:59 PM",Assessment Platform,PRACTICE,https://students.masaischool.com/assignments/39694?tab=assignmentDetails,7/10,COMPLETED,
B36_Masai Speaking Marathon_Day 08,"24 May, 2024 at 12:01 AM","Concludes on 24 May, 2024 - 11:59 PM",Assessment Platform,PRACTICE,https://students.masaischool.com/assignments/39693?tab=assignmentDetails,8/10,COMPLETED,
B36_Masai Speaking Marathon_Day 07,"23 May, 2024 at 12:01 AM","Concludes on 23 May, 2024 - 11:59 PM",Assessment Platform,PRACTICE,https://students.masaischool.com/assignments/39692?tab=assignmentDetails,8/10,COMPLETED,
B36_Masai Speaking Marathon_Day 06,"22 May, 2024 at 12:01 AM","Concludes on 22 May, 2024 - 11:59 PM",Assessment Platform,PRACTICE,https://students.masaischool.com/assignments/39691?tab=assignmentDetails,,,OVER DUE
B36_Masai Speaking Marathon_Day 05,"21 May, 2024 at 12:01 AM","Concludes on 21 May, 2024 - 11:59 PM",Assessment Platform,PRACTICE,https://students.masaischool.com/assignments/39690?tab=assignmentDetails,9/10,COMPLETED,
B36_Masai Reading Marathon_Day 26,"11 Jun, 2024 at 12:01 AM","Concludes on 11 Jun, 2024 - 11:59 PM",Assessment Platform,PRACTICE,https://students.masaischool.com/assignments/39535?tab=assignmentDetails,,,OVER DUE
B36_Masai Reading Marathon_Day 25,"10 Jun, 2024 at 12:01 AM","Concludes on 10 Jun, 2024 - 11:59 PM",Assessment Platform,PRACTICE,https://students.masaischool.com/assignments/39534?tab=assignmentDetails,,,OVER DUE
B36_Masai Reading Marathon_Day 24,"9 Jun, 2024 at 12:01 AM","Concludes on 9 Jun, 2024 - 11:59 PM",Assessment Platform,PRACTICE,https://students.masaischool.com/assignments/39533?tab=assignmentDetails,,,OVER DUE
B36_Masai Reading Marathon_Day 23,"8 Jun, 2024 at 12:01 AM","Concludes on 8 Jun, 2024 - 11:59 PM",Assessment Platform,PRACTICE,https://students.masaischool.com/assignments/39532?tab=assignmentDetails,,,OVER DUE
B36_Masai Reading Marathon_Day 22,"7 Jun, 2024 at 12:01 AM","Concludes on 7 Jun, 2024 - 11:59 PM",Assessment Platform,PRACTICE,https://students.masaischool.com/assignments/39531?tab=assignmentDetails,,,OVER DUE
B36_Masai Reading Marathon_Day 21,"6 Jun, 2024 at 12:01 AM","Concludes on 6 Jun, 2024 - 11:59 PM",Assessment Platform,PRACTICE,https://students.masaischool.com/assignments/39530?tab=assignmentDetails,,,OVER DUE
B36_Masai Reading Marathon_Day 20,"5 Jun, 2024 at 12:01 AM","Concludes on 5 Jun, 2024 - 11:59 PM",Assessment Platform,PRACTICE,https://students.masaischool.com/assignments/39529?tab=assignmentDetails,,,OVER DUE
B36_Masai Reading Marathon_Day 19,"4 Jun, 2024 at 12:01 AM","Concludes on 4 Jun, 2024 - 11:59 PM",Assessment Platform,PRACTICE,https://students.masaischool.com/assignments/39528?tab=assignmentDetails,,,OVER DUE
B36_Masai Reading Marathon_Day 18,"3 Jun, 2024 at 12:01 AM","Concludes on 3 Jun, 2024 - 11:59 PM",Assessment Platform,PRACTICE,https://students.masaischool.com/assignments/39527?tab=assignmentDetails,,COMPLETED,
B36_Masai Reading Marathon_Day 17,"2 Jun, 2024 at 12:01 AM","Concludes on 2 Jun, 2024 - 11:59 PM",Assessment Platform,PRACTICE,https://students.masaischool.com/assignments/39526?tab=assignmentDetails,,COMPLETED,
B36_Masai Reading Marathon_Day 16,"1 Jun, 2024 at 12:01 AM","Concludes on 1 Jun, 2024 - 11:59 PM",Assessment Platform,PRACTICE,https://students.masaischool.com/assignments/39525?tab=assignmentDetails,,,OVER DUE
B36_Masai Reading Marathon_Day 15,"31 May, 2024 at 12:01 AM","Concludes on 31 May, 2024 - 11:59 PM",Assessment Platform,PRACTICE,https://students.masaischool.com/assignments/39524?tab=assignmentDetails,,COMPLETED,
B36_Masai Reading Marathon_Day 14,"30 May, 2024 at 12:01 AM","Concludes on 30 May, 2024 - 11:59 PM",Assessment Platform,PRACTICE,https://students.masaischool.com/assignments/39523?tab=assignmentDetails,,,OVER DUE
B36_Masai Reading Marathon_Day 13,"29 May, 2024 at 12:01 AM","Concludes on 29 May, 2024 - 11:59 PM",Assessment Platform,PRACTICE,https://students.masaischool.com/assignments/39522?tab=assignmentDetails,,,OVER DUE
B36_Masai Reading Marathon_Day 12,"28 May, 2024 at 12:01 AM","Concludes on 28 May, 2024 - 11:59 PM",Assessment Platform,PRACTICE,https://students.masaischool.com/assignments/39521?tab=assignmentDetails,,,OVER DUE
B36_Masai Reading Marathon_Day 11,"27 May, 2024 at 12:01 AM","Concludes on 27 May, 2024 - 11:59 PM",Assessment Platform,PRACTICE,https://students.masaischool.com/assignments/39520?tab=assignmentDetails,,,OVER DUE
B36_Masai Reading Marathon_Day 10,"26 May, 2024 at 12:01 AM","Concludes on 26 May, 2024 - 11:59 PM",Assessment Platform,PRACTICE,https://students.masaischool.com/assignments/39519?tab=assignmentDetails,,,OVER DUE
B36_Masai Reading Marathon_Day 09,"25 May, 2024 at 12:01 AM","Concludes on 25 May, 2024 - 11:59 PM",Assessment Platform,PRACTICE,https://students.masaischool.com/assignments/39518?tab=assignmentDetails,,COMPLETED,
B36_Masai Reading Marathon_Day 08,"24 May, 2024 at 12:01 AM","Concludes on 24 May, 2024 - 11:59 PM",Assessment Platform,PRACTICE,https://students.masaischool.com/assignments/39517?tab=assignmentDetails,,,OVER DUE
B36_Masai Reading Marathon_Day 07,"23 May, 2024 at 12:01 AM","Concludes on 23 May, 2024 - 11:59 PM",Assessment Platform,PRACTICE,https://students.masaischool.com/assignments/39516?tab=assignmentDetails,,COMPLETED,
B36_Masai Reading Marathon_Day 06,"22 May, 2024 at 12:01 AM","Concludes on 22 May, 2024 - 11:59 PM",Assessment Platform,PRACTICE,https://students.masaischool.com/assignments/39515?tab=assignmentDetails,,,OVER DUE
B36_Masai Reading Marathon_Day 05,"21 May, 2024 at 12:01 AM","Concludes on 21 May, 2024 - 11:59 PM",Assessment Platform,PRACTICE,https://students.masaischool.com/assignments/39514?tab=assignmentDetails,,COMPLETED,
B36_Masai Reading Marathon_Day 04,"20 May, 2024 at 1:10 PM","Concludes on 20 May, 2024 - 11:59 PM",Assessment Platform,PRACTICE,https://students.masaischool.com/assignments/39422?tab=assignmentDetails,,COMPLETED,
B36_Masai Speaking Marathon_Day 04,"20 May, 2024 at 1:10 PM","Concludes on 20 May, 2024 - 11:59 PM",Assessment Platform,PRACTICE,https://students.masaischool.com/assignments/39416?tab=assignmentDetails,8/10,COMPLETED,
DA101 Evaluation-1,"20 May, 2024 at 11:25 AM","Concludes on 20 May, 2024 - 1:00 PM",Da,EVALUATION,https://students.masaischool.com/assignments/39391?tab=assignmentDetails,,COMPLETED,
"S2D4 -> Window Function , Database Design - 2 [ Level - 2 ]","24 May, 2024 at 6:00 PM","Concludes on 26 May, 2024 - 11:59 PM",Coding,ASSIGNMENT,https://students.masaischool.com/assignments/39382?tab=assignmentDetails,,COMPLETED,
"S2D4 -> Window Function , Database Design - 2 [ Level - 1 ]","24 May, 2024 at 6:00 PM","Concludes on 26 May, 2024 - 11:59 PM",Coding,ASSIGNMENT,https://students.masaischool.com/assignments/39381?tab=assignmentDetails,,COMPLETED,
"S2D3 -> SQL Subquery , CTE table / WITH clause [ Level - 2 ]","23 May, 2024 at 6:00 PM","Concludes on 26 May, 2024 - 11:59 PM",Coding,ASSIGNMENT,https://students.masaischool.com/assignments/39380?tab=assignmentDetails,,COMPLETED,
"S2D3 -> SQL Subquery , CTE table / WITH clause [ Level - 1 ]","23 May, 2024 at 6:00 PM","Concludes on 26 May, 2024 - 11:59 PM",Coding,ASSIGNMENT,https://students.masaischool.com/assignments/39379?tab=assignmentDetails,,COMPLETED,
"S2D2 -> JOIN - 2 , Database Design [ Level - 1 ]","22 May, 2024 at 6:00 PM","Concludes on 26 May, 2024 - 11:59 PM",Coding,ASSIGNMENT,https://students.masaischool.com/assignments/39378?tab=assignmentDetails,,COMPLETED,
"S2D2 -> JOIN - 2 , Database Design [ Level - 2 ]","22 May, 2024 at 6:00 PM","Concludes on 26 May, 2024 - 11:59 PM",Coding,ASSIGNMENT,https://students.masaischool.com/assignments/39377?tab=assignmentDetails,,COMPLETED,
DSA Contest (Leetcode - 398),"18 May, 2024 at 6:00 PM","Concludes on 19 May, 2024 - 11:59 PM",Dsa,ASSIGNMENT,https://students.masaischool.com/assignments/39361?tab=assignmentDetails,,COMPLETED,
"S2D1 -> Relationships , ER Diagrams , JOIN -1 [ Level - 2 ]","21 May, 2024 at 6:00 PM","Concludes on 26 May, 2024 - 11:59 PM",Coding,ASSIGNMENT,https://students.masaischool.com/assignments/39349?tab=assignmentDetails,,COMPLETED,
"S2D1 -> Relationships , ER Diagrams , JOIN -1 [ Level - 1 ]","21 May, 2024 at 6:00 PM","Concludes on 26 May, 2024 - 11:59 PM",Coding,ASSIGNMENT,https://students.masaischool.com/assignments/39348?tab=assignmentDetails,,COMPLETED,
FT-35 | Python Assignment 3,"17 May, 2024 at 8:00 PM","Concludes on 19 May, 2024 - 11:56 PM",Da,ASSIGNMENT,https://students.masaischool.com/assignments/39334?tab=assignmentDetails,,COMPLETED,
FT-35 | Python Assignment 2,"16 May, 2024 at 8:00 PM","Concludes on 19 May, 2024 - 11:56 PM",Da,ASSIGNMENT,https://students.masaischool.com/assignments/39269?tab=assignmentDetails,,COMPLETED,
B36_DB101_Evaluation_1 [ CP ],"20 May, 2024 at 2:30 PM","Concludes on 20 May, 2024 - 4:30 PM",Coding,EVALUATION,https://students.masaischool.com/assignments/39247?tab=assignmentDetails,,COMPLETED,
FT-35 | Python Assignment 1,"15 May, 2024 at 8:45 PM","Concludes on 19 May, 2024 - 11:59 PM",Da,ASSIGNMENT,https://students.masaischool.com/assignments/39241?tab=assignmentDetails,,COMPLETED,
B36_Masai Speaking Marathon_Day 03,"19 May, 2024 at 12:01 AM","Concludes on 19 May, 2024 - 11:59 PM",Assessment Platform,PRACTICE,https://students.masaischool.com/assignments/39238?tab=assignmentDetails,8/10,COMPLETED,
B36_Masai Speaking Marathon_Day 02,"18 May, 2024 at 12:01 AM","Concludes on 18 May, 2024 - 11:59 PM",Assessment Platform,PRACTICE,https://students.masaischool.com/assignments/39237?tab=assignmentDetails,8/10,COMPLETED,
B36_Masai Speaking Marathon_Day 01,"17 May, 2024 at 12:01 AM","Concludes on 17 May, 2024 - 11:59 PM",Assessment Platform,PRACTICE,https://students.masaischool.com/assignments/39236?tab=assignmentDetails,9/10,COMPLETED,
B36_Masai Reading Marathon_Day 03,"19 May, 2024 at 12:01 AM","Concludes on 19 May, 2024 - 11:59 PM",Assessment Platform,PRACTICE,https://students.masaischool.com/assignments/39226?tab=assignmentDetails,,COMPLETED,
B36_Masai Reading Marathon_Day 02,"18 May, 2024 at 12:01 AM","Concludes on 18 May, 2024 - 11:59 PM",Assessment Platform,PRACTICE,https://students.masaischool.com/assignments/39225?tab=assignmentDetails,,COMPLETED,
B36_Masai Reading Marathon_Day 01,"17 May, 2024 at 12:01 AM","Concludes on 17 May, 2024 - 11:59 PM",Assessment Platform,PRACTICE,https://students.masaischool.com/assignments/39224?tab=assignmentDetails,,COMPLETED,
S1D4 -> Group by | Having in SQL [ Level - 2 ],"17 May, 2024 at 6:00 PM","Concludes on 20 May, 2024 - 11:59 PM",Coding,ASSIGNMENT,https://students.masaischool.com/assignments/39152?tab=assignmentDetails,,COMPLETED,
S1D4 -> Group by | Having in SQL [ Level - 1 ],"17 May, 2024 at 6:00 PM","Concludes on 20 May, 2024 - 11:59 PM",Coding,ASSIGNMENT,https://students.masaischool.com/assignments/39151?tab=assignmentDetails,,COMPLETED,
S1D3 -> Searching | Functions | Conditions [ Level - 2 ],"16 May, 2024 at 6:00 PM","Concludes on 19 May, 2024 - 11:59 PM",Coding,ASSIGNMENT,https://students.masaischool.com/assignments/39150?tab=assignmentDetails,,COMPLETED,
S1D3 -> Searching | Functions | Conditions [ Level - 1 ],"16 May, 2024 at 6:00 PM","Concludes on 19 May, 2024 - 11:59 PM",Coding,ASSIGNMENT,https://students.masaischool.com/assignments/39149?tab=assignmentDetails,,COMPLETED,
S1D2 -> SQL Commands | Operators | Sorting | Limiting [ Level - 2 ],"15 May, 2024 at 6:00 PM","Concludes on 19 May, 2024 - 11:59 PM",Coding,ASSIGNMENT,https://students.masaischool.com/assignments/39063?tab=assignmentDetails,,COMPLETED,
S1D1 -> Intro to Database | MySQL | CRUD [ Level - 2 ],"14 May, 2024 at 6:00 PM","Concludes on 18 May, 2024 - 11:59 PM",Coding,ASSIGNMENT,https://students.masaischool.com/assignments/39062?tab=assignmentDetails,,COMPLETED,
S1D2 -> SQL Commands | Operators | Sorting | Limiting [ Level - 1 ],"15 May, 2024 at 6:00 PM","Concludes on 17 May, 2024 - 11:59 PM",Coding,ASSIGNMENT,https://students.masaischool.com/assignments/39061?tab=assignmentDetails,,COMPLETED,
S1D1 -> Intro to Database | MySQL | CRUD [ Level - 1 ],"14 May, 2024 at 6:00 PM","Concludes on 16 May, 2024 - 11:59 PM",Coding,ASSIGNMENT,https://students.masaischool.com/assignments/39060?tab=assignmentDetails,,COMPLETED,
PR101 Unit Evaluation,"9 May, 2024 at 11:25 AM","Concludes on 9 May, 2024 - 1:30 PM",Coding,EVALUATION,https://students.masaischool.com/assignments/38959?tab=assignmentDetails,,COMPLETED,
PBS101 Unit Evaluation,"9 May, 2024 at 1:55 PM","Concludes on 9 May, 2024 - 3:30 PM",Dsa,EVALUATION,https://students.masaischool.com/assignments/38958?tab=assignmentDetails,,COMPLETED,
Hukumu DSA Scores,"8 May, 2024 at 8:00 PM","Concludes on 8 May, 2024 - 8:30 PM",Dsa,EVALUATION,https://students.masaischool.com/assignments/38931?tab=assignmentDetails,,COMPLETED,
DSA Contest - 2,"8 May, 2024 at 11:55 AM","Concludes on 1 Jul, 2024 - 11:59 PM",Dsa,ASSIGNMENT,https://students.masaischool.com/assignments/38908?tab=assignmentDetails,,COMPLETED,
DSA Contest - 1,"8 May, 2024 at 11:55 AM","Concludes on 1 Jul, 2024 - 11:59 PM",Dsa,ASSIGNMENT,https://students.masaischool.com/assignments/38907?tab=assignmentDetails,,COMPLETED,
<Important> End of unit feedback form,"7 May, 2024 at 3:00 AM","Concludes on 9 May, 2024 - 11:45 AM",General,ASSIGNMENT,https://students.masaischool.com/assignments/38871?tab=assignmentDetails,,COMPLETED,
Feedback Form - Monday Evaluation,"7 May, 2024 at 3:00 AM","Concludes on 7 May, 2024 - 5:00 PM",General,ASSIGNMENT,https://students.masaischool.com/assignments/38869?tab=assignmentDetails,,COMPLETED,
PBS101 - Assignment 16 - Multidimensional Arrays II,"8 May, 2024 at 11:55 AM","Concludes on 8 May, 2024 - 11:59 PM",Dsa,ASSIGNMENT,https://students.masaischool.com/assignments/38864?tab=assignmentDetails,,COMPLETED,
PBS101 - Assignment 15 - Multidimensional Arrays I,"7 May, 2024 at 5:55 PM","Concludes on 9 May, 2024 - 11:59 PM",Dsa,ASSIGNMENT,https://students.masaischool.com/assignments/38857?tab=assignmentDetails,,COMPLETED,
PR101 : Assignment - 24 Multidimensional Arrays [Level 2],"7 May, 2024 at 5:25 PM","Concludes on 9 May, 2024 - 11:59 PM",Coding,ASSIGNMENT,https://students.masaischool.com/assignments/38851?tab=assignmentDetails,,COMPLETED,
PR101 : Assignment - 23 Multidimensional Arrays [Level 1],"7 May, 2024 at 12:25 PM","Concludes on 9 May, 2024 - 11:59 PM",Coding,ASSIGNMENT,https://students.masaischool.com/assignments/38850?tab=assignmentDetails,,COMPLETED,
PR101 C3 Evaluation,"6 May, 2024 at 11:25 AM","Concludes on 6 May, 2024 - 1:00 PM",Coding,EVALUATION,https://students.masaischool.com/assignments/38812?tab=assignmentDetails,,COMPLETED,
DSA Contest (Leetcode - 396),"4 May, 2024 at 6:00 PM","Concludes on 5 May, 2024 - 12:59 PM",Dsa,ASSIGNMENT,https://students.masaischool.com/assignments/38794?tab=assignmentDetails,,COMPLETED,
PR101 - Assignment 22 - Objects and Classes,"4 May, 2024 at 1:00 PM","Concludes on 15 May, 2024 - 11:59 PM",Coding,ASSIGNMENT,https://students.masaischool.com/assignments/38766?tab=assignmentDetails,,COMPLETED,
PBS101 - Assignment 14 - Brute Force Approach II,"3 May, 2024 at 5:55 PM","Concludes on 6 May, 2024 - 11:59 PM",Dsa,ASSIGNMENT,https://students.masaischool.com/assignments/38739?tab=assignmentDetails,,COMPLETED,
PR101 - Assignment 18 - Inbuilt Function,"3 May, 2024 at 1:00 PM","Concludes on 8 May, 2024 - 11:59 PM",Coding,ASSIGNMENT,https://students.masaischool.com/assignments/38738?tab=assignmentDetails,,COMPLETED,
TC101: Week-03 In Class Assignment 1,"3 May, 2024 at 2:45 PM","Concludes on 3 May, 2024 - 11:59 PM",Csbt,ASSIGNMENT,https://students.masaischool.com/assignments/38737?tab=assignmentDetails,,COMPLETED,
TC101: Week-03 Take Home Assignment 1,"3 May, 2024 at 4:15 PM","Concludes on 4 May, 2024 - 11:59 PM",Csbt,ASSIGNMENT,https://students.masaischool.com/assignments/38736?tab=assignmentDetails,,COMPLETED,
PBS101 - Timed Contest 5,"2 May, 2024 at 5:55 PM","Concludes on 2 May, 2024 - 7:00 PM",Dsa,ASSIGNMENT,https://students.masaischool.com/assignments/38695?tab=assignmentDetails,,COMPLETED,
PR101 : Assignment - 21 Key-Value Pair [Level 2],"2 May, 2024 at 5:25 PM","Concludes on 7 May, 2024 - 11:59 PM",Coding,ASSIGNMENT,https://students.masaischool.com/assignments/38694?tab=assignmentDetails,,COMPLETED,
PR101 : Assignment - 20 Key-Value Pair [Level 1],"2 May, 2024 at 5:25 PM","Concludes on 5 May, 2024 - 11:59 PM",Coding,ASSIGNMENT,https://students.masaischool.com/assignments/38693?tab=assignmentDetails,,COMPLETED,
PBS101 - Assignment 13 - Brute Force Approach,"2 May, 2024 at 12:25 PM","Concludes on 5 May, 2024 - 11:59 PM",Dsa,ASSIGNMENT,https://students.masaischool.com/assignments/38691?tab=assignmentDetails,,COMPLETED,
B35_CC101,"2 May, 2024 at 1:30 PM","Concludes on 2 May, 2024 - 2:00 PM",Assessment Platform,EVALUATION,https://students.masaischool.com/assignments/38690?tab=assignmentDetails,,COMPLETED,
PBS101 - Assignment 12 - Key-Value Pairs,"30 Apr, 2024 at 5:55 PM","Concludes on 4 May, 2024 - 11:59 PM",Dsa,ASSIGNMENT,https://students.masaischool.com/assignments/38673?tab=assignmentDetails,,COMPLETED,
PBS101 - Timed Contest 4,"30 Apr, 2024 at 5:55 PM","Concludes on 30 Apr, 2024 - 7:00 PM",Dsa,ASSIGNMENT,https://students.masaischool.com/assignments/38664?tab=assignmentDetails,,COMPLETED,
PR101 : Assignment - 19 (Functions) [Level 2],"30 Apr, 2024 at 12:30 PM","Concludes on 5 May, 2024 - 11:59 PM",Coding,ASSIGNMENT,https://students.masaischool.com/assignments/38650?tab=assignmentDetails,,COMPLETED,
PR101 - Assignment 17 - (Functions) [Level 1],"30 Apr, 2024 at 12:30 PM","Concludes on 3 May, 2024 - 11:59 PM",Coding,ASSIGNMENT,https://students.masaischool.com/assignments/38649?tab=assignmentDetails,,COMPLETED,
B35_ES101/ES201_How to excel in group talks_DLC,"2 May, 2024 at 4:00 PM","Concludes on 2 May, 2024 - 6:30 PM",Assessment Platform,PRACTICE,https://students.masaischool.com/assignments/38622?tab=assignmentDetails,,COMPLETED,
B35_ES101_Speak Without Words_DLC,"30 Apr, 2024 at 4:00 PM","Concludes on 30 Apr, 2024 - 6:30 PM",Assessment Platform,PRACTICE,https://students.masaischool.com/assignments/38620?tab=assignmentDetails,,COMPLETED,
Feedback Form - Monday Evaluation,"29 Apr, 2024 at 5:00 PM","Concludes on 30 Apr, 2024 - 5:00 PM",General,ASSIGNMENT,https://students.masaischool.com/assignments/38614?tab=assignmentDetails,,COMPLETED,
PBS101 D2 Evaluation,"29 Apr, 2024 at 11:25 AM","Concludes on 29 Apr, 2024 - 1:00 PM",Dsa,EVALUATION,https://students.masaischool.com/assignments/38583?tab=assignmentDetails,,COMPLETED,
PR101 C2 Evaluation,"29 Apr, 2024 at 1:55 PM","Concludes on 29 Apr, 2024 - 4:00 PM",Coding,EVALUATION,https://students.masaischool.com/assignments/38582?tab=assignmentDetails,,COMPLETED,
DSA Contest (Leetcode - 395),"27 Apr, 2024 at 6:00 PM","Concludes on 28 Apr, 2024 - 12:59 PM",Dsa,ASSIGNMENT,https://students.masaischool.com/assignments/38563?tab=assignmentDetails,,COMPLETED,
PBS101 - Assignment 11 - Subarrays & Substrings,"27 Apr, 2024 at 12:25 PM","Concludes on 1 May, 2024 - 11:59 PM",Dsa,ASSIGNMENT,https://students.masaischool.com/assignments/38544?tab=assignmentDetails,,COMPLETED,
PBS101 - Assignment 10 - ASCII in Python,"26 Apr, 2024 at 5:55 PM","Concludes on 1 May, 2024 - 11:59 PM",Dsa,ASSIGNMENT,https://students.masaischool.com/assignments/38506?tab=assignmentDetails,,COMPLETED,
TC101: Week-02 Take Home Assignment 2,"26 Apr, 2024 at 4:15 PM","Concludes on 27 Apr, 2024 - 11:59 PM",Csbt,ASSIGNMENT,https://students.masaischool.com/assignments/38505?tab=assignmentDetails,,COMPLETED,
TC101: Week-02 In Class Assignment 2,"26 Apr, 2024 at 2:45 PM","Concludes on 26 Apr, 2024 - 9:00 PM",Csbt,ASSIGNMENT,https://students.masaischool.com/assignments/38504?tab=assignmentDetails,,COMPLETED,
PBS101 - Assignment 9 - Primitive and Abstract Data Structure,"25 Apr, 2024 at 5:55 PM","Concludes on 2 May, 2024 - 7:00 PM",Dsa,ASSIGNMENT,https://students.masaischool.com/assignments/38470?tab=assignmentDetails,,COMPLETED,
B35_ES101/ES201_How to Create First & lasting impression_DLC,"25 Apr, 2024 at 4:00 PM","Concludes on 25 Apr, 2024 - 11:00 PM",Assessment Platform,PRACTICE,https://students.masaischool.com/assignments/38464?tab=assignmentDetails,,COMPLETED,
PBS101 - Timed Contest 3,"25 Apr, 2024 at 5:55 PM","Concludes on 25 Apr, 2024 - 7:00 PM",Dsa,ASSIGNMENT,https://students.masaischool.com/assignments/38451?tab=assignmentDetails,,COMPLETED,
PR101 - Assignment 16 - Strings -[Level 2],"25 Apr, 2024 at 12:25 PM","Concludes on 30 Apr, 2024 - 11:59 PM",Coding,ASSIGNMENT,https://students.masaischool.com/assignments/38450?tab=assignmentDetails,,COMPLETED,
PR101 - Assignment 15 - Strings -[Level 1],"25 Apr, 2024 at 12:25 PM","Concludes on 28 Apr, 2024 - 11:59 PM",Coding,ASSIGNMENT,https://students.masaischool.com/assignments/38449?tab=assignmentDetails,,COMPLETED,
PBS101 - Assignment 8 - Arrays and Strings,"24 Apr, 2024 at 5:55 PM","Concludes on 28 Apr, 2024 - 11:59 PM",Dsa,ASSIGNMENT,https://students.masaischool.com/assignments/38403?tab=assignmentDetails,,COMPLETED,
PR101 - Assignment 14 - Sets & Tuples - [Level 2],"24 Apr, 2024 at 12:30 PM","Concludes on 29 Apr, 2024 - 11:59 PM",Coding,ASSIGNMENT,https://students.masaischool.com/assignments/38394?tab=assignmentDetails,,COMPLETED,
PR101 - Assignment 13 - Sets & Tuples - [Level 1],"24 Apr, 2024 at 12:30 PM","Concludes on 28 Apr, 2024 - 11:59 PM",Coding,ASSIGNMENT,https://students.masaischool.com/assignments/38393?tab=assignmentDetails,,COMPLETED,
TC101: Week-02 Take Home Assignment 1,"24 Apr, 2024 at 4:15 PM","Concludes on 25 Apr, 2024 - 11:59 PM",Csbt,ASSIGNMENT,https://students.masaischool.com/assignments/38380?tab=assignmentDetails,,COMPLETED,
TC101: Week-02 In Class Assignment 1,"24 Apr, 2024 at 2:45 PM","Concludes on 24 Apr, 2024 - 11:59 PM",Csbt,ASSIGNMENT,https://students.masaischool.com/assignments/38379?tab=assignmentDetails,,COMPLETED,
B35_ES101/ES201Influence Others without Speaking_DLC,"23 Apr, 2024 at 6:00 PM","Concludes on 23 Apr, 2024 - 11:00 PM",Assessment Platform,PRACTICE,https://students.masaischool.com/assignments/38377?tab=assignmentDetails,,COMPLETED,
PBS101-Assignment 7 - Pattern Printing II,"23 Apr, 2024 at 5:30 PM","Concludes on 28 Apr, 2024 - 11:59 PM",Coding,ASSIGNMENT,https://students.masaischool.com/assignments/38374?tab=assignmentDetails,,COMPLETED,
PBS101 - Timed Contest - 2,"23 Apr, 2024 at 5:55 PM","Concludes on 23 Apr, 2024 - 7:00 PM",Dsa,ASSIGNMENT,https://students.masaischool.com/assignments/38363?tab=assignmentDetails,,COMPLETED,
PR101 - Assignment 12 - Arrays -[Level 2],"23 Apr, 2024 at 12:25 PM","Concludes on 28 Apr, 2024 - 11:59 PM",Coding,ASSIGNMENT,https://students.masaischool.com/assignments/38352?tab=assignmentDetails,,COMPLETED,
PR101 - Assignment 11 - Arrays -[Level 1],"23 Apr, 2024 at 12:25 PM","Concludes on 26 Apr, 2024 - 11:59 PM",Coding,ASSIGNMENT,https://students.masaischool.com/assignments/38351?tab=assignmentDetails,,COMPLETED,
Feedback Form - Monday Evaluation,"22 Apr, 2024 at 7:30 PM","Concludes on 23 Apr, 2024 - 5:00 PM",General,ASSIGNMENT,https://students.masaischool.com/assignments/38338?tab=assignmentDetails,,COMPLETED,
<Important> Mid Unit Feedback form,"22 Apr, 2024 at 11:30 AM","Concludes on 25 Apr, 2024 - 11:30 AM",General,ASSIGNMENT,https://students.masaischool.com/assignments/38288?tab=assignmentDetails,,COMPLETED,
PBS101 D1 Evaluation,"22 Apr, 2024 at 11:25 AM","Concludes on 22 Apr, 2024 - 1:00 PM",Dsa,EVALUATION,https://students.masaischool.com/assignments/38286?tab=assignmentDetails,,COMPLETED,
PR101 C1 Evaluation,"22 Apr, 2024 at 1:55 PM","Concludes on 22 Apr, 2024 - 4:00 PM",Coding,EVALUATION,https://students.masaischool.com/assignments/38282?tab=assignmentDetails,,COMPLETED,
DSA Contest (Leetcode - 394),"20 Apr, 2024 at 4:00 PM","Concludes on 21 Apr, 2024 - 12:59 PM",Dsa,ASSIGNMENT,https://students.masaischool.com/assignments/38246?tab=assignmentDetails,,COMPLETED,
PBS101-Assignment 6 - Pattern Printing I,"19 Apr, 2024 at 5:55 PM","Concludes on 24 Apr, 2024 - 11:59 PM",Dsa,ASSIGNMENT,https://students.masaischool.com/assignments/38210?tab=assignmentDetails,,COMPLETED,
Mock Evaluation,"20 Apr, 2024 at 11:25 AM","Concludes on 20 Apr, 2024 - 1:00 PM",Coding,EVALUATION,https://students.masaischool.com/assignments/38197?tab=assignmentDetails,,COMPLETED,
TC101: Week-01 Take Home Assignment 2,"19 Apr, 2024 at 4:15 PM","Concludes on 20 Apr, 2024 - 2:00 PM",Csbt,ASSIGNMENT,https://students.masaischool.com/assignments/38194?tab=assignmentDetails,,COMPLETED,
TC101: Week-01 In class Assignment 2,"19 Apr, 2024 at 2:45 PM","Concludes on 19 Apr, 2024 - 10:00 PM",Csbt,ASSIGNMENT,https://students.masaischool.com/assignments/38193?tab=assignmentDetails,,COMPLETED,
PR101 - Assignment 9 - Nested Loops - [Level 2],"19 Apr, 2024 at 12:25 PM","Concludes on 24 Apr, 2024 - 11:59 PM",Coding,ASSIGNMENT,https://students.masaischool.com/assignments/38086?tab=assignmentDetails,,COMPLETED,
PR101 - Assignment 8 - Nested Loops - [Level 1],"19 Apr, 2024 at 12:25 PM","Concludes on 23 Apr, 2024 - 11:59 PM",Coding,ASSIGNMENT,https://students.masaischool.com/assignments/38066?tab=assignmentDetails,,COMPLETED,
B35_Masai Speaking Marathon_Day 26,"7 May, 2024 at 12:01 AM","Concludes on 7 May, 2024 - 11:59 PM",Assessment Platform,PRACTICE,https://students.masaischool.com/assignments/38024?tab=assignmentDetails,,COMPLETED,
B35_Masai Speaking Marathon_Day 25,"6 May, 2024 at 12:01 AM","Concludes on 6 May, 2024 - 11:59 PM",Assessment Platform,PRACTICE,https://students.masaischool.com/assignments/38023?tab=assignmentDetails,,COMPLETED,
B35_Masai Speaking Marathon_Day 24,"5 May, 2024 at 12:01 AM","Concludes on 5 May, 2024 - 11:59 PM",Assessment Platform,PRACTICE,https://students.masaischool.com/assignments/38022?tab=assignmentDetails,,COMPLETED,
B35_Masai Speaking Marathon_Day 23,"4 May, 2024 at 12:01 AM","Concludes on 4 May, 2024 - 11:59 PM",Assessment Platform,PRACTICE,https://students.masaischool.com/assignments/38021?tab=assignmentDetails,,COMPLETED,
B35_Masai Speaking Marathon_Day 22,"3 May, 2024 at 12:01 AM","Concludes on 3 May, 2024 - 11:59 PM",Assessment Platform,PRACTICE,https://students.masaischool.com/assignments/38020?tab=assignmentDetails,,COMPLETED,
B35_Masai Speaking Marathon_Day 21,"2 May, 2024 at 12:01 AM","Concludes on 2 May, 2024 - 11:59 PM",Assessment Platform,PRACTICE,https://students.masaischool.com/assignments/38019?tab=assignmentDetails,,COMPLETED,
B35_Masai Speaking Marathon_Day 20,"1 May, 2024 at 12:01 AM","Concludes on 1 May, 2024 - 11:59 PM",Assessment Platform,PRACTICE,https://students.masaischool.com/assignments/38018?tab=assignmentDetails,,COMPLETED,
B35_Masai Speaking Marathon_Day 19,"30 Apr, 2024 at 12:01 AM","Concludes on 30 Apr, 2024 - 11:59 PM",Assessment Platform,PRACTICE,https://students.masaischool.com/assignments/38017?tab=assignmentDetails,,COMPLETED,
B35_Masai Speaking Marathon_Day 18,"29 Apr, 2024 at 12:01 AM","Concludes on 29 Apr, 2024 - 11:59 PM",Assessment Platform,PRACTICE,https://students.masaischool.com/assignments/38016?tab=assignmentDetails,,COMPLETED,
B35_Masai Speaking Marathon_Day 17,"28 Apr, 2024 at 12:01 AM","Concludes on 28 Apr, 2024 - 11:59 PM",Assessment Platform,PRACTICE,https://students.masaischool.com/assignments/38015?tab=assignmentDetails,,COMPLETED,
B35_Masai Speaking Marathon_Day 16,"27 Apr, 2024 at 12:01 AM","Concludes on 27 Apr, 2024 - 11:59 PM",Assessment Platform,PRACTICE,https://students.masaischool.com/assignments/38014?tab=assignmentDetails,,COMPLETED,
B35_Masai Speaking Marathon_Day 15,"26 Apr, 2024 at 12:01 AM","Concludes on 26 Apr, 2024 - 11:59 PM",Assessment Platform,PRACTICE,https://students.masaischool.com/assignments/38013?tab=assignmentDetails,,COMPLETED,
B35_Masai Speaking Marathon_Day 14,"25 Apr, 2024 at 12:01 AM","Concludes on 25 Apr, 2024 - 11:59 PM",Assessment Platform,PRACTICE,https://students.masaischool.com/assignments/38012?tab=assignmentDetails,,COMPLETED,
B35_Masai Speaking Marathon_Day 13,"24 Apr, 2024 at 12:01 AM","Concludes on 24 Apr, 2024 - 11:59 PM",Assessment Platform,PRACTICE,https://students.masaischool.com/assignments/38011?tab=assignmentDetails,,COMPLETED,
B35_Masai Speaking Marathon_Day 12,"23 Apr, 2024 at 12:01 AM","Concludes on 23 Apr, 2024 - 11:59 PM",Assessment Platform,PRACTICE,https://students.masaischool.com/assignments/38010?tab=assignmentDetails,,COMPLETED,
B35_Masai Speaking Marathon_Day 11,"22 Apr, 2024 at 12:01 AM","Concludes on 22 Apr, 2024 - 11:59 PM",Assessment Platform,PRACTICE,https://students.masaischool.com/assignments/38009?tab=assignmentDetails,,COMPLETED,
B35_Masai Speaking Marathon_Day 10,"21 Apr, 2024 at 12:01 AM","Concludes on 21 Apr, 2024 - 11:59 PM",Assessment Platform,PRACTICE,https://students.masaischool.com/assignments/38008?tab=assignmentDetails,,COMPLETED,
B35_Masai Speaking Marathon_Day 09,"20 Apr, 2024 at 12:01 AM","Concludes on 20 Apr, 2024 - 11:59 PM",Assessment Platform,PRACTICE,https://students.masaischool.com/assignments/38007?tab=assignmentDetails,,COMPLETED,
B35_Masai Speaking Marathon_Day 08,"19 Apr, 2024 at 12:01 AM","Concludes on 19 Apr, 2024 - 11:59 PM",Assessment Platform,PRACTICE,https://students.masaischool.com/assignments/38006?tab=assignmentDetails,,COMPLETED,
B35_Masai Reading Marathon_Day 26,"7 May, 2024 at 12:01 AM","Concludes on 7 May, 2024 - 11:59 PM",Assessment Platform,PRACTICE,https://students.masaischool.com/assignments/37986?tab=assignmentDetails,,COMPLETED,
B35_Masai Reading Marathon_Day 25,"6 May, 2024 at 12:01 AM","Concludes on 6 May, 2024 - 11:59 PM",Assessment Platform,PRACTICE,https://students.masaischool.com/assignments/37985?tab=assignmentDetails,,COMPLETED,
B35_Masai Reading Marathon_Day 24,"5 May, 2024 at 12:01 AM","Concludes on 5 May, 2024 - 11:59 PM",Assessment Platform,PRACTICE,https://students.masaischool.com/assignments/37984?tab=assignmentDetails,,COMPLETED,
B35_Masai Reading Marathon_Day 23,"4 May, 2024 at 12:01 AM","Concludes on 4 May, 2024 - 11:59 PM",Assessment Platform,PRACTICE,https://students.masaischool.com/assignments/37983?tab=assignmentDetails,,COMPLETED,
B35_Masai Reading Marathon_Day 22,"3 May, 2024 at 12:01 AM","Concludes on 3 May, 2024 - 11:59 PM",Assessment Platform,PRACTICE,https://students.masaischool.com/assignments/37982?tab=assignmentDetails,,COMPLETED,
B35_Masai Reading Marathon_Day 21,"2 May, 2024 at 12:01 AM","Concludes on 2 May, 2024 - 11:59 PM",Assessment Platform,PRACTICE,https://students.masaischool.com/assignments/37981?tab=assignmentDetails,,COMPLETED,
B35_Masai Reading Marathon_Day 20,"1 May, 2024 at 12:01 AM","Concludes on 1 May, 2024 - 11:59 PM",Assessment Platform,PRACTICE,https://students.masaischool.com/assignments/37980?tab=assignmentDetails,,COMPLETED,
B35_Masai Reading Marathon_Day 19,"30 Apr, 2024 at 12:01 AM","Concludes on 30 Apr, 2024 - 11:59 PM",Assessment Platform,PRACTICE,https://students.masaischool.com/assignments/37979?tab=assignmentDetails,,COMPLETED,
B35_Masai Reading Marathon_Day 18,"29 Apr, 2024 at 12:01 AM","Concludes on 29 Apr, 2024 - 11:59 PM",Assessment Platform,PRACTICE,https://students.masaischool.com/assignments/37978?tab=assignmentDetails,,COMPLETED,
B35_Masai Reading Marathon_Day 17,"28 Apr, 2024 at 12:01 AM","Concludes on 28 Apr, 2024 - 11:59 PM",Assessment Platform,PRACTICE,https://students.masaischool.com/assignments/37977?tab=assignmentDetails,,COMPLETED,
B35_Masai Reading Marathon_Day 16,"27 Apr, 2024 at 12:01 AM","Concludes on 27 Apr, 2024 - 11:59 PM",Assessment Platform,PRACTICE,https://students.masaischool.com/assignments/37976?tab=assignmentDetails,,COMPLETED,
B35_Masai Reading Marathon_Day 15,"26 Apr, 2024 at 12:01 AM","Concludes on 26 Apr, 2024 - 11:59 PM",Assessment Platform,PRACTICE,https://students.masaischool.com/assignments/37975?tab=assignmentDetails,,COMPLETED,
B35_Masai Reading Marathon_Day 14,"25 Apr, 2024 at 12:01 AM","Concludes on 25 Apr, 2024 - 11:59 PM",Assessment Platform,PRACTICE,https://students.masaischool.com/assignments/37974?tab=assignmentDetails,,COMPLETED,
B35_Masai Reading Marathon_Day 13,"24 Apr, 2024 at 12:01 AM","Concludes on 24 Apr, 2024 - 11:59 PM",Assessment Platform,PRACTICE,https://students.masaischool.com/assignments/37973?tab=assignmentDetails,,COMPLETED,
B35_Masai Reading Marathon_Day 12,"23 Apr, 2024 at 12:01 AM","Concludes on 23 Apr, 2024 - 11:59 PM",Assessment Platform,PRACTICE,https://students.masaischool.com/assignments/37972?tab=assignmentDetails,,COMPLETED,
B35_Masai Reading Marathon_Day 11,"22 Apr, 2024 at 12:01 AM","Concludes on 22 Apr, 2024 - 11:59 PM",Assessment Platform,PRACTICE,https://students.masaischool.com/assignments/37971?tab=assignmentDetails,,COMPLETED,
B35_Masai Reading Marathon_Day 10,"21 Apr, 2024 at 12:01 AM","Concludes on 21 Apr, 2024 - 11:59 PM",Assessment Platform,PRACTICE,https://students.masaischool.com/assignments/37970?tab=assignmentDetails,,COMPLETED,
B35_Masai Reading Marathon_Day 09,"20 Apr, 2024 at 12:01 AM","Concludes on 20 Apr, 2024 - 11:59 PM",Assessment Platform,PRACTICE,https://students.masaischool.com/assignments/37969?tab=assignmentDetails,,COMPLETED,
B35_Masai Reading Marathon_Day 08,"19 Apr, 2024 at 12:01 AM","Concludes on 19 Apr, 2024 - 11:59 PM",Assessment Platform,PRACTICE,https://students.masaischool.com/assignments/37962?tab=assignmentDetails,,COMPLETED,
B35_ES101/ES201_Overcome The Fear Of Public Speaking_DLC,"18 Apr, 2024 at 4:30 PM","Concludes on 18 Apr, 2024 - 11:00 PM",Assessment Platform,PRACTICE,https://students.masaischool.com/assignments/37960?tab=assignmentDetails,,COMPLETED,
PBS101 - Assignment 5 - Timed Contest 1,"18 Apr, 2024 at 5:55 PM","Concludes on 18 Apr, 2024 - 7:00 PM",Dsa,ASSIGNMENT,https://students.masaischool.com/assignments/37959?tab=assignmentDetails,,COMPLETED,
PBS101-Assignment 4 - Number System,"18 Apr, 2024 at 5:30 PM","Concludes on 24 Apr, 2024 - 11:59 PM",Dsa,ASSIGNMENT,https://students.masaischool.com/assignments/37949?tab=assignmentDetails,,COMPLETED,
PR101 - Assignment 7 - For Loops - [Level-2],"18 Apr, 2024 at 12:25 PM","Concludes on 22 Apr, 2024 - 11:59 PM",Coding,ASSIGNMENT,https://students.masaischool.com/assignments/37939?tab=assignmentDetails,,COMPLETED,
PR101 - Assignment 6 - For Loops - [Level-1],"18 Apr, 2024 at 12:25 PM","Concludes on 21 Apr, 2024 - 11:59 PM",Coding,ASSIGNMENT,https://students.masaischool.com/assignments/37938?tab=assignmentDetails,,COMPLETED,
B35_Masai Speaking Marathon_Day 07,"18 Apr, 2024 at 12:00 AM","Concludes on 18 Apr, 2024 - 11:59 PM",Assessment Platform,PRACTICE,https://students.masaischool.com/assignments/37937?tab=assignmentDetails,1/10,COMPLETED,
B35_Masai Reading Marathon_Day 07,"18 Apr, 2024 at 12:00 AM","Concludes on 18 Apr, 2024 - 11:59 PM",Assessment Platform,PRACTICE,https://students.masaischool.com/assignments/37920?tab=assignmentDetails,,COMPLETED,
PBS101- Assignment 3- Contest 1,"17 Apr, 2024 at 5:55 PM","Concludes on 21 Apr, 2024 - 11:59 PM",Dsa,ASSIGNMENT,https://students.masaischool.com/assignments/37916?tab=assignmentDetails,,COMPLETED,
PR101 - Assignment 5 - While Loops - [Level-2],"17 Apr, 2024 at 12:25 PM","Concludes on 21 Apr, 2024 - 11:59 PM",Coding,ASSIGNMENT,https://students.masaischool.com/assignments/37878?tab=assignmentDetails,,COMPLETED,
PR101 - Assignment 4 - While Loops - [Level-1],"17 Apr, 2024 at 12:25 PM","Concludes on 20 Apr, 2024 - 11:59 PM",Coding,ASSIGNMENT,https://students.masaischool.com/assignments/37877?tab=assignmentDetails,,COMPLETED,
TC101: Week-01 Take Home Assignment 1,"17 Apr, 2024 at 4:15 PM","Concludes on 18 Apr, 2024 - 11:59 PM",Csbt,ASSIGNMENT,https://students.masaischool.com/assignments/37876?tab=assignmentDetails,,COMPLETED,
TC101: Week-01 In class Assignment 1,"17 Apr, 2024 at 2:45 PM","Concludes on 17 Apr, 2024 - 10:00 PM",Csbt,ASSIGNMENT,https://students.masaischool.com/assignments/37875?tab=assignmentDetails,,COMPLETED,
B35_Masai Speaking Marathon_Day 06,"17 Apr, 2024 at 12:00 AM","Concludes on 17 Apr, 2024 - 11:59 PM",Assessment Platform,PRACTICE,https://students.masaischool.com/assignments/37867?tab=assignmentDetails,9/10,COMPLETED,
B35_Masai Reading Marathon_Day 06,"17 Apr, 2024 at 12:00 AM","Concludes on 17 Apr, 2024 - 11:59 PM",Assessment Platform,PRACTICE,https://students.masaischool.com/assignments/37859?tab=assignmentDetails,,COMPLETED,
PBS101- Assignment 2- Test Cases and Edge Cases,"16 Apr, 2024 at 5:30 PM","Concludes on 20 Apr, 2024 - 11:59 PM",Dsa,ASSIGNMENT,https://students.masaischool.com/assignments/37839?tab=assignmentDetails,,COMPLETED,
B35_ES101/ES201_Read Like A Pro_DLC,"16 Apr, 2024 at 4:00 PM","Concludes on 16 Apr, 2024 - 11:00 PM",Assessment Platform,PRACTICE,https://students.masaischool.com/assignments/37824?tab=assignmentDetails,,COMPLETED,
PBS101- Assignment 1- Mathematical Notations and Psuedocode,"15 Apr, 2024 at 5:30 PM","Concludes on 19 Apr, 2024 - 11:59 PM",Dsa,ASSIGNMENT,https://students.masaischool.com/assignments/37778?tab=assignmentDetails,,COMPLETED,
PR101 - Assignment 3 - Conditional & Logical Operator,"15 Apr, 2024 at 12:25 PM","Concludes on 19 Apr, 2024 - 11:59 PM",Coding,ASSIGNMENT,https://students.masaischool.com/assignments/37771?tab=assignmentDetails,,COMPLETED,
"PR101 - Assignment 2 - Variables, Mathematical & Comparison Operator","13 Apr, 2024 at 12:25 PM","Concludes on 17 Apr, 2024 - 11:59 PM",Coding,ASSIGNMENT,https://students.masaischool.com/assignments/37734?tab=assignmentDetails,,COMPLETED,
PBS101 - Assignment 1- Flowchart In Programming,"13 Apr, 2024 at 5:30 PM","Concludes on 17 Apr, 2024 - 11:59 PM",Dsa,ASSIGNMENT,https://students.masaischool.com/assignments/37733?tab=assignmentDetails,,COMPLETED,
B35_ES101_Listen To Gain Attention & Answer Better_DLC,"12 Apr, 2024 at 4:15 PM","Concludes on 12 Apr, 2024 - 11:00 PM",Assessment Platform,PRACTICE,https://students.masaischool.com/assignments/37714?tab=assignmentDetails,,COMPLETED,
Assignment 1 - Introduction to Python,"12 Apr, 2024 at 2:00 PM","Concludes on 16 Apr, 2024 - 11:59 PM",Coding,ASSIGNMENT,https://students.masaischool.com/assignments/37670?tab=assignmentDetails,,COMPLETED,
Sample Practice Contest,"12 Apr, 2024 at 12:55 PM","Concludes on 28 Jun, 2024 - 11:59 PM",Coding,ASSIGNMENT,https://students.masaischool.com/assignments/37669?tab=assignmentDetails,,COMPLETED,
B35_Masai Speaking Marathon_Day 05,"16 Apr, 2024 at 12:00 AM","Concludes on 16 Apr, 2024 - 11:59 PM",Assessment Platform,PRACTICE,https://students.masaischool.com/assignments/37642?tab=assignmentDetails,8/10,COMPLETED,
B35_Masai Speaking Marathon_Day 04,"15 Apr, 2024 at 12:00 AM","Concludes on 15 Apr, 2024 - 11:59 PM",Assessment Platform,PRACTICE,https://students.masaischool.com/assignments/37641?tab=assignmentDetails,8/10,COMPLETED,
B35_Masai Speaking Marathon_Day 03,"14 Apr, 2024 at 12:00 AM","Concludes on 14 Apr, 2024 - 11:59 PM",Assessment Platform,PRACTICE,https://students.masaischool.com/assignments/37640?tab=assignmentDetails,7/10,COMPLETED,
B35_Masai Speaking Marathon_Day 02,"13 Apr, 2024 at 12:00 AM","Concludes on 13 Apr, 2024 - 11:59 PM",Assessment Platform,PRACTICE,https://students.masaischool.com/assignments/37639?tab=assignmentDetails,9/10,COMPLETED,
B35_Masai Speaking Marathon_Day 01,"12 Apr, 2024 at 1:00 PM","Concludes on 12 Apr, 2024 - 11:59 PM",Assessment Platform,PRACTICE,https://students.masaischool.com/assignments/37638?tab=assignmentDetails,7/10,COMPLETED,
B35_Masai Reading Marathon_Day 05,"16 Apr, 2024 at 12:00 AM","Concludes on 16 Apr, 2024 - 11:59 PM",Assessment Platform,PRACTICE,https://students.masaischool.com/assignments/37637?tab=assignmentDetails,,COMPLETED,
B35_Masai Reading Marathon_Day 04,"15 Apr, 2024 at 12:00 AM","Concludes on 15 Apr, 2024 - 11:59 PM",Assessment Platform,PRACTICE,https://students.masaischool.com/assignments/37636?tab=assignmentDetails,,COMPLETED,
B35_Masai Reading Marathon_Day 03,"14 Apr, 2024 at 12:00 AM","Concludes on 14 Apr, 2024 - 11:59 PM",Assessment Platform,PRACTICE,https://students.masaischool.com/assignments/37635?tab=assignmentDetails,,COMPLETED,
B35_Masai Reading Marathon_Day 02,"13 Apr, 2024 at 12:00 AM","Concludes on 13 Apr, 2024 - 11:59 PM",Assessment Platform,PRACTICE,https://students.masaischool.com/assignments/37634?tab=assignmentDetails,,COMPLETED,
B35_Masai Reading Marathon_Day 01,"12 Apr, 2024 at 1:00 PM","Concludes on 12 Apr, 2024 - 11:59 PM",Assessment Platform,PRACTICE,https://students.masaischool.com/assignments/37633?tab=assignmentDetails,,COMPLETED,
B35_ES101_Speak With Confidence_DLC,"10 Apr, 2024 at 4:00 PM","Concludes on 11 Apr, 2024 - 12:00 PM",Assessment Platform,ASSIGNMENT,https://students.masaischool.com/assignments/37606?tab=assignmentDetails,,COMPLETED,
<Important>Mandatory Async Parent Connect,"7 Nov, 2023 at 3:00 PM","Concludes on 9 Nov, 2023 - 12:02 PM",General,ASSIGNMENT,https://students.masaischool.com/assignments/33067?tab=assignmentDetails,,,OVER DUE
